source,movie,subtitle_id,line_index,context,masked_line,gold_line,gold_pronoun,gold_tier
IndicDialogue,Tu Jhoothi Main Makkaar,1958103212,1752,"तू सही स्टेट ऑफ़ माइंड में है अभी।
- हमें बाद में बात करनी चाहिए। -बाद में?
हमारी इंगेजमेंट हो रही है आज
और तू कह रही है कि
तू बैंगलोर में जॉब ले रही है?",____ बात समझ नहीं आ रही क्या?,तुझे बात समझ नहीं आ रही क्या?,तुझे,T
IndicDialogue,Jaane Jaan,1958289341,509,"आप मदद करेंगी थोड़ी सी?
आप रहने दीजिए।
आप जा के तारा की मदद कीजिए।
मैं करता हूँ।
माफ़ कीजिये।","मिसेज़ डिसूज़ा, हमें ____ और तारा के लिए कुछ सबूत इकट्ठे करने पड़ेंगे।","मिसेज़ डिसूज़ा, हमें आपके और तारा के लिए कुछ सबूत इकट्ठे करने पड़ेंगे।",आपके,AAP
IndicDialogue,Madam Chief Minister,1957179704,1259,"शादी करने वाली हूँ।
और मेरे होने वाले पति का नाम है,
दानिश रहमान खान।
जन्मदिन मुबारक हो।
आपको शादी मुबारक हो।",तो क्या कहते हैं ____ लोग?,तो क्या कहते हैं आप लोग?,आप,AAP
IndicDialogue,Tu Jhoothi Main Makkaar,1958103212,2180,"मैं परेशान होती रही, और तू हंसता रहा।
""हाँ जी, हाँ, जी, काम हो जाएगा।""
हो गया काम?
तूने मुझे इस लायक भी नहीं समझा कि एक बार बात कर ले।
एक बार शेयर कर ले, एक बार हल्का सा हिंट ही दे दे।",____ हंसती रही और मुझसे पीछा छुड़ाने की कोशिश करती रही।,तू हंसती रही और मुझसे पीछा छुड़ाने की कोशिश करती रही।,तू,T
IndicDialogue,Tu Jhoothi Main Makkaar,1958103212,2607,"{\an8}♪  कहानी की मेरी साथिया   ♪
{\an8}♪  है जुबां तू ही   ♪
{\an8}♪  कहानी की मेरी साथिया   ♪
{\an8}♪  है जुबां तू ही   ♪
{\an8}♪  ख़्वाबों में जो मेरे घुल गई  ♪",{\an8}♪ वो सुबह ____ ही  ♪,{\an8}♪ वो सुबह तू ही  ♪,तू,T
IndicDialogue,Haseen Dillruba,1957295757,385,"‎बहुत सुंदर थी वो।
‎एम. ए. भी कर रखी थी उसने, पता है आपको?
‎- ‎-नहीं।
‎किस विषय में?
‎ होम साइंस।",‎तो ____ होम्योपैथी आगे पढ़ने का इरादा है?,‎तो आपका होम्योपैथी आगे पढ़ने का इरादा है?,आपका,AAP
IndicDialogue,Good Newwz,1956816836,63,"जान, यहाँ पर बहुत काम था तो
असल में काफ़ी डिलिवरियाँ भी देनी है।
-इनवॉइस तैयार करो। -हाँ, सर।
एक काम करो,
तुम अपने ग्राहकों को ही बोल दो कि तुम्हें बच्चा करके दे।","ये वाली डिलिवरी ना, ____ उनसे करवा लो।","ये वाली डिलिवरी ना, तुम उनसे करवा लो।",तुम,TUM
IndicDialogue,Lust Stories 2,1958186552,1036,"एक बार तो हमलोग साथ में मिले थे, याद है?
तो फिर अब कंपनी कौन चला रहा है?
ओह, हैलो।
तुम्हारे सामने खड़ा है।
मुझे बहुत गर्व है तुम पर।",____ कॉलेज के टाइम से यही तो चाहते थे।,तुम कॉलेज के टाइम से यही तो चाहते थे।,तुम,TUM
IndicDialogue,Jaane Jaan,1958289341,1451,"हाँ।
ये उनकी साज़िश थी।
एक आपको बाहर ले जाए, दूसरा घर से हीटर ले जाए।
क्यों?
क्यूंकि उनको पता चल गया है कि अजीत को किस चीज़ से मारा गया है।","पुलिस को ____ पर अभी भी शक है, और वो हर एक चीज़ की जांच करेंगे।","पुलिस को आप पर अभी भी शक है, और वो हर एक चीज़ की जांच करेंगे।",आप,AAP
IndicDialogue,Dhamaka,1957450323,1271,"‪ये सच कह रहा है कि झूठ कह रहा है?
‪क्या कह रहा है? कौन सी न्यूज़?
‪ न्यूज़ देखिए आप।
‪ आईएनएल न्यूज़ से ‪मैं मानस सेठी बोल रहा हूँ।
‪श्री अर्जुन पाठक, हमें अपने विश्वसनीय ‪सूत्रों से आपके बारे में कुछ पता चला है।",{\an8}‪हम लाइव टीवी पर ‪____ कुछ पूछताछ करना चाहते हैं।,{\an8}‪हम लाइव टीवी पर ‪आपसे कुछ पूछताछ करना चाहते हैं।,आपसे,AAP
IndicDialogue,Good Newwz,1956816836,906,"आह।
दीपू।
तुम ठीक तो हो?
हाँ, मैं ठीक हूँ।
बुरा सपना था।","अब उठ ही गई हूँ तो सोच रही हूँ टहलने चली जाती हूँ, ____ सो जाओ, हनी।","अब उठ ही गई हूँ तो सोच रही हूँ टहलने चली जाती हूँ, तुम सो जाओ, हनी।",तुम,TUM
IndicDialogue,Madam Chief Minister,1957179704,1670,"मगर मैं, जिद्दी हूँ।
बचपन से अख्खड हूँ।
कोई कितने भी सितम कर ले।
कितने भी बलिदान देने पड़े मुझे।
तुम्हारी आवाज़ उठाने से,","____ सेवा करने से,","तुम्हारी सेवा करने से,",तुम्हारी,TUM
IndicDialogue,The White Tiger,1957077990,355,"‏इसी तरह यह भारत के लाखों आदमियों ‏और औरतों को फँसाकर रखता है।
‏इसलिए यकीन मानिए, सारस और उनके बेटे ‏मेरी वफ़ादारी पर भरोसा कर सकते थे।
‏ यह है कमरा।
‏मेरा कमरा है?
‏-तुम मेरे साथ ही रहोगे। ‏-अच्छा।",‏बाज़ार में गद्दा ढूँढ लेंगे ‏हम ____ लिए।,‏बाज़ार में गद्दा ढूँढ लेंगे ‏हम तुम्हारे लिए।,तुम्हारे,TUM
IndicDialogue,Dhamaka,1957450323,1192,"‪ हमें समय चाहिए।
‪-हमें आतंकवादी पकड़ना है। ‪-जल्दी कीजिए।
‪-प्लीज़ जल्दी कीजिए ‪-सर, आप नहीं कर सकते। रुकिए।
‪अर्जुन, मेरी बॉस से बात हुई।
‪अगर रेटिंग 70 प्रतिशत से ऊपर ‪जाती है तो मुझे डायरेक्टर बना दिया जाएगा।",‪- ____ बस रेटिंग से मतलब है? ‪-बात सुनिए। यह ज़रूरी है।,‪- आपको बस रेटिंग से मतलब है? ‪-बात सुनिए। यह ज़रूरी है।,आपको,AAP
IndicDialogue,Jaadugar,1957742927,1388,"अपने टाइम पर तुझ जैसे चार-चार को निपट लेता था।
-अभी चोट लगी है इसीलिए-- -सच्ची में चोट लगी है?
या मुक़ाबले से घबरा रहे हों भैया?
अबे तेरी! अबे पकड़ उसको।
-ले लो बॉल उस से। -अरे पकड़ो यार।","आज ____ बताता हूँ, फुटबॉल क्या है?","आज तुझे बताता हूँ, फुटबॉल क्या है?",तुझे,T
IndicDialogue,Shehzada,1958077493,572,"कमाल भी हो जाएगा।
♪ मैं पगला गया हूँ ये जानता ♪
♪ जो दिल के मोहल्ले में तू आ गया ♪
♪ मेरे सवाल का ♪
♪ तू ही जवाब है ♪",♪ मेरे सवाल का ____ ही जवाब है ♪,♪ मेरे सवाल का तू ही जवाब है ♪,तू,T
IndicDialogue,Hit the First Case,1957795759,1798,"महावीर कूरियर सर्विस
हम यहाँ अकेले हैं।
तुम्हें किसी से डरने की ज़रूरत नहीं है।
मैं बस… मैं बस बात करना चाहती हूँ।
तुम पागल हो गई हो।",मैं सिर्फ ____ बात करना चाहती हूँ।,मैं सिर्फ तुमसे बात करना चाहती हूँ।,तुमसे,TUM
IndicDialogue,Madam Chief Minister,1957179704,1075,"क्या मिला तुम्हें अरविंद सिंह की अगुआई में?
मंत्री बनाया है सिर्फ अपने खानदान के लोगों को।
दोस्तों को और चमचों को।
सारे ठेके दिए सिर्फ अपने लोगों को।
अरे उनका धंधा दोगुना हो गया छह महीने में।",मगर ____ अगर अपने क्षेत्र में,मगर तुम अगर अपने क्षेत्र में,तुम,TUM
IndicDialogue,Dhamaka,1957450323,1707,"‪अर्जुन पाठक आतंकवादी से मिला हुआ था।
‪पता है।
‪मेरे पास सारे फ़ोन कॉल्स की रिकॉर्डिंग है।
‪मैं सबकुछ बाहर रिलीज़ कर दूँगा।
‪बेवकूफ़ मत बनो। तुम कब सिखोगे?",‪आज के बाद ____ पर यक़ीन कौन करेगा?,‪आज के बाद तुम पर यक़ीन कौन करेगा?,तुम,TUM
IndicDialogue,The White Tiger,1957077990,530,"‏- प्लीज़, पापा। ‏-पापा, मैं कुछ कहूँ? सॉरी।
‏आपकी उस तरह से ‏बेइज़्ज़ती नहीं होनी चाहिए थी।
‏ऐसा नहीं होना चाहिए था। एक सेकेंड। श्श।
‏दिल्ली न्यू यॉर्क जैसा ‏अंतर्राष्ट्रीय शहर है।
‏ए, अशोक। इससे कहो ‏कि इसे यहाँ नहीं बोलना चाहिए।","‏हे भगवान। देखिए, मैं यहीं बैठी हूँ। ‏____ मुझसे बात कीजिए।","‏हे भगवान। देखिए, मैं यहीं बैठी हूँ। ‏आप मुझसे बात कीजिए।",आप,AAP
IndicDialogue,Ginny Weds Sunny,1956951114,1028,"‎और सुमित तो… उसके भाई की तरह है।
‎गिन्नी ने खुद मुझे उसके और सुमित के पहले किस ‎के बारे में बताया
‎और गाँजा उसने मुझे भी फूंकाया।
‎देखो आंटी, सीधी-सी बात है।
‎आपकी बेटी का और मेरा पहले से कुछ मेल था नहीं।","‎वो दूध है, तो मैं खट्टा नींबू, फट के ना ज़िंदगी का ‎पनीर बन गया, ____ क्यों नहीं समझ रहे मेरी बात?","‎वो दूध है, तो मैं खट्टा नींबू, फट के ना ज़िंदगी का ‎पनीर बन गया, आप क्यों नहीं समझ रहे मेरी बात?",आप,AAP
IndicDialogue,Darlings,1957768015,729,"‎-काम? क्या कह रहे हो आप? ‎-हिंदी। गा के पूछूँ? बाहर आ!
‎बता कब से चल रहा है।
‎थोड़ा ""टाइटैनिक"" के हीरो जैसा है न? ‎ताज़गी भरा प्रेमी। इत्र लगा के।
‎और मैं थकेला पति।
‎बच्चा भी उसी का है क्या?",‎बच्चा ____ है!,‎बच्चा आपका है!,आपका,AAP
IndicDialogue,Jaane Jaan,1958289341,1209,"-ऐसा क्यों? -ये तो आपको अजीत से पूछना पड़ेगा।
मिसेज़ डिसूज़ा…
-ज्यादा तीखा  तो नहीं है? -नहीं।
अजीत को मारने कोई कलिम्पोंग क्यों आएगा?
आपका काम भी मैं करूँ?",हम्म। ____ जाना है।,हम्म। आपको जाना है।,आपको,AAP
IndicDialogue,Good Newwz,1956816836,597,"अह! मेरा अपॉइंटमेंट है।
किस चीज़ का अपॉइंटमेंट था सर?
नमूना देना है।
माफ़ कीजिए, सर। किस चीज़ का अपॉइंटमेंट था?
आप नाम डालकर देख लीजिए। आपको पता चल जाएगा।","-____ नाम? -जी, वरुण बत्रा।","-आपका नाम? -जी, वरुण बत्रा।",आपका,AAP
IndicDialogue,Ginny Weds Sunny,1956951114,396,"‎अरे गिन्नु, तू फिर से देख पज़ेसिव हो रही है।
‎देख, अब हम हैं दोस्त।
‎तो अब तो थोड़ी स्पेस दे दे।
‎सही बोलती है प्रेरणा!
‎हमें बिल्कुल अलग हो जाना चाहिए, निशांत।","‎मैं तो कब से ____ कह रहा हूँ, ढूँढ ले कोई और।","‎मैं तो कब से तुझे कह रहा हूँ, ढूँढ ले कोई और।",तुझे,T
IndicDialogue,Axone,1956818787,1100,"भगवान के लिए उसे थोड़ा आराम दो!
मिनम की शादी है!
तुम लोगों ने ही कहा कि शादी में देर है, है ना?
बस दो घंटे की!
तुम चाहते हो कि वह दो घंटे के लिए दुकान पर आकर बैठे?",जैसी ____ इच्छा!,जैसी तुम्हारी इच्छा!,तुम्हारी,TUM
IndicDialogue,The Great Indian Family,1958355201,167,"खड़ा हूँ दर पे,
तू कोरी चुनरिया में, थोड़ी सी लाली भर दे,
दुहाई है तुझे,
तू सारी अमवासों को, मेरी दिवाली कर दे
जनम से मै एक, अवगुण का पुतला,","____ मेरे सब दोष गुण में बदल दे,","तू मेरे सब दोष गुण में बदल दे,",तू,T
IndicDialogue,Ginny Weds Sunny,1956951114,1110,"‎ओ बुज़ुर्गों, बहुत भलाई कर ली आप दोनों ने। अब बस।
‎इतनी देर से उसके पीछे भाग रहा हूँ।
‎अगर उसको वाकई मुझसे शादी करनी होती, ‎तो वो यहाँ होती, निशांत के साथ नहीं।
‎बात करते हैं।
‎ओए, चल ऊपर।",‎देख रहे हो ____?,‎देख रहे हो आप?,आप,AAP
IndicDialogue,Tu Jhoothi Main Makkaar,1958103212,2308,"मैं खुश हूँ तेरे साथ।
तू आज खुश है।
तू ग्यारंटी ले सकती है हमेशा खुश रहेगी
और आगे चल के तुझे कभी ऐसा नहीं लगेगा कि तूने मेरे लिए
अपनी लाइफ़ के साथ कॉम्प्रोमाइस किया?",क्या ____ फिर कभी यी फ़ीलिंग नहीं आएगी,क्या तुझे फिर कभी यी फ़ीलिंग नहीं आएगी,तुझे,T
IndicDialogue,Hit the First Case,1957795759,805,"जाओ, पहले परमिशन लेकर आओ।
{\an8}डॉक्टर चंद्रशेखर राठौर प्रिंसिपल
-सर, आजकल आप क्लासेस कम ले रहो हों क्या? -क्यों?
नहीं, आपकी बातों से लग रहा है।
क्या?",बहुत फालतू टाइम है ____ पास।,बहुत फालतू टाइम है आपके पास।,आपके,AAP
IndicDialogue,Hit the First Case,1957795759,1756,"प्रीति, पहचाना नहीं?
सपना।
ओह, सपना।
हे भगवान! मुझे तो यकीन ही नहीं हो रहा है। तुम कैसी हो?
मुझे भी यकीन नहीं हो रहा है।",मैंने ____ बहुत मिस किया।,मैंने तुम्हें बहुत मिस किया।,तुम्हें,TUM
IndicDialogue,Indoo Ki Jawani,1957132233,861,"तू भी आगे बढ़।
लड़का अच्छा है, इंदू। डर मत।
अरे, उसने हाथ पकड़ लिया।
अब? पप्पी?
ठीक है, जय माता दी।",♪ रब ने ____ क्या ख़ूब बनाया♪,♪ रब ने तुझे क्या ख़ूब बनाया♪,तुझे,T
IndicDialogue,Tu Jhoothi Main Makkaar,1958103212,2558,"♪  भीगे, भीगे, भीगे  ♪
♪  भीगे, भीगे, भीगे  ♪
उठ गए, नवाब?
स्वीटू, नाश्ता लगा साहब का!
-क्या है नाश्ते में? -तू बता न तुझे क्या चाहिए?","मैं बुफ़े लगा देती हूँ ____ चूज़ कर लेना,","मैं बुफ़े लगा देती हूँ तू चूज़ कर लेना,",तू,T
IndicDialogue,Good Newwz,1956816836,1334,"राई के तेल की बदबू आती है इनमें से।
आज के बाद ना मैं तुम्हारे इस बच्चे के बाप को अपने घर में घुसने नहीं दूँगा। देख लेना।
मेरे बच्चे का बाप?
तुम्हारा घर?
विश्वास नहीं होता, वरुण।",रहो ____ अकेले अपने घर में।,रहो तुम अकेले अपने घर में।,तुम,TUM
IndicDialogue,Madam Chief Minister,1957179704,1434,"आप।
मैं?
देखिये, आप इस झमेले में मुझे मत फँसाइए।
बहुत सारे वरिष्ठ नेता हैं।
उनमें से किसी को बना दीजिएगा।",____ सरकारी नौकरी तो पहले ही छिन चुकी हूँ पति बनाकर।,आपकी सरकारी नौकरी तो पहले ही छिन चुकी हूँ पति बनाकर।,आपकी,AAP
IndicDialogue,Tu Jhoothi Main Makkaar,1958103212,2246,"बट ट्रस्ट मी, मेरी नहीं है।
उल्टा, जो प्यार मैं तुझे दे पाता हूँ,
वो मुझे वहाँ से मिलता है।
उस प्यार का सोर्स वो हैं।
मैं उनसे दूर होऊँगा,","तो मुझे पता ही नहीं है, मेरे पास ____ कुछ देने के लिए होगा भी या नहीं।","तो मुझे पता ही नहीं है, मेरे पास तुझे कुछ देने के लिए होगा भी या नहीं।",तुझे,T
IndicDialogue,Tu Jhoothi Main Makkaar,1958103212,1654,"तू खुश है?
तुझे जाना है न?
जाने दूँगा।
पर ऐसे नहीं।
ऐसे झूठ बोल के, आँख चुराके नहीं।",____ मेरी आँखों में ख़ुद को जाते देखना होगा।,तुझे मेरी आँखों में ख़ुद को जाते देखना होगा।,तुझे,T
IndicDialogue,Tu Jhoothi Main Makkaar,1958103212,1656,"जाने दूँगा।
पर ऐसे नहीं।
ऐसे झूठ बोल के, आँख चुराके नहीं।
तुझे मेरी आँखों में ख़ुद को जाते देखना होगा।
तुझे मुझसे कहना होगा,",____ बताना होगा।,तुझे बताना होगा।,तुझे,T
IndicDialogue,Hit the First Case,1957795759,1782,"मुझे उससे किसी भी कीमत पे बात करनी थी।
तब नहीं पता था कि मैं गलत कदम उठा रही हूँ।
फहाद से हम अपनी गाड़ी की सर्विसिंग करवाते थे।
एक दिन उसे पैसों की ज़रूरत पड़ी इसलिए वो मुझसे माँगने आया।
तुम्हें पैसे मिल जाएँगे।",लेकिन ____ मेरा एक काम करना होगा।,लेकिन तुम्हें मेरा एक काम करना होगा।,तुम्हें,TUM
IndicDialogue,Axone,1956818787,549,"- आज तो मैं देखके रहूँगी। - अरे क्या हो गया ऊपर?
अरे माता जी, आप तो ""चक दे"" वाली लड़की लग रहे हों आज!
चल आ मेरी मदद कर! देख क्या हो रहा है?
- आंटी जी, कसम से नहीं बना रहे हैं खाना। -  नहीं बना रहे?
हाँ... तो ठीक है। हम तो सब बेवकूफ़ हैं ना जिनको यह सड़ी बदबू आ रही है?",नहीं... ____ चाहे तो आकर देख लीजिए ना।,नहीं... आप चाहे तो आकर देख लीजिए ना।,आप,AAP
IndicDialogue,Hit the First Case,1957795759,1147,"सर।
शीला।
विक्रम बहुत फेयर आदमी है।
वो भेदभाव नहीं करता है आदमी और औरत में।
तुम्हें वही ट्रीटमेंट मिलेगा जो किसी मेल क्रिमिनल को मिलता है।",मैं ____ मदद कर सकता हूँ।,मैं तुम्हारी मदद कर सकता हूँ।,तुम्हारी,TUM
IndicDialogue,Shehzada,1958077493,270,"लेकिन ये पिंक चुन्नी का लड़के क्या करेंगे?
लोगों को वही चुराना चाहिए जो उनके काम आए, छुटकी।
तुम्हारी बहन के साथ किसी ने छेड़खानी की,
और तुम्हें गुस्सा भी नहीं आया।
रिलैक्स।",____ मुझसे कुछ ज़्यादा ही उम्मीदें हैं।,तुम्हें मुझसे कुछ ज़्यादा ही उम्मीदें हैं।,तुम्हें,TUM
IndicDialogue,Good Newwz,1956816836,25,"आपको सारे ख़ासियतों और इंजन के बारे में बताकर, समय बर्बाद नहीं करूँगा।
पर हाँ, सन-रूफ़ और ड्राइव मोड सिलेक्टर
इसे एक स्पोर्टी एसयूवी बनाते हैं।
आपके परिवार के आरामदायक सफ़र के लिए एक बेहतरीन गाड़ी।
वैसे, यह सब ग्राहकों को समझाना मेरा काम नहीं है मगर","मैंने ____ जब देखा, ईमानदारी से कहूँ तो","मैंने आपको जब देखा, ईमानदारी से कहूँ तो",आपको,AAP
IndicDialogue,Dhamaka,1957450323,1175,"‪तुम अपना काम करो ना। अपना प्लान क्या है?
‪तुम रघुबीर को बोलो कि
‪उसे कोई सॉरी नहीं बोलने वाला, ‪जो कि नहीं बोलने वाला।
‪ उसके बाद रघुबीर कोई बेवकूफ़ी ‪करेगा, फिर वो विलेन कहलाएगा,
‪और फिर पुलिस उसे पकड़ेगी।",‪और फिर ____ ये शो इस तरह ख़त्म करोगे,‪और फिर तुम ये शो इस तरह ख़त्म करोगे,तुम,TUM
IndicDialogue,Jaane Jaan,1958289341,203,"पता नहीं, मैं भूल गया हूँ।
मैं सारी पुरानी बातें भूल चुका हूँ।
तुम भी भूल जाओ न, यार।
क्या चाहिए तुम्हें?
छुओ मत मुझे।",सिर्फ ____ साथ चाहिए।,सिर्फ तुम्हारा साथ चाहिए।,तुम्हारा,TUM
IndicDialogue,Indoo Ki Jawani,1957132233,758,"परजाई जी क्या हाल हैं?
सब ठीक।
क्या भैया! आज का ही दिन मिला था आपको एक्वागार्ड देखने के लिए?
इतने समय से शिकायत की हुई है।
पिछले हफ्ते भी तो आपको फ़ोन किया था। तब क्यों नहीं आए?",आज अचानक एक्वागार्ड देखने आ गए ____!,आज अचानक एक्वागार्ड देखने आ गए आप!,आप,AAP
IndicDialogue,Tu Jhoothi Main Makkaar,1958103212,2165,"उसके साथ लाइफ़ नहीं बिता सकता।
वो मुझे अपनी लाइफ़ में नहीं चाहिए।
मैं तुमसे प्यार करती हूँ।
मैं तुमसे प्यार करती हूँ।
मैं तुमसे प्यार करती हूँ!",मैं ____ प्यार करती हूँ! प्यार करती हूँ! प्यार करती हूँ!,मैं तुमसे प्यार करती हूँ! प्यार करती हूँ! प्यार करती हूँ!,तुमसे,TUM
IndicDialogue,Jaane Jaan,1958289341,454,"प्लीज़ एक बार टीचर को हेल्प तो करने दो।
""आपको मालूम है न?""
""वो सिर्फ आपके लिए आता है।""
चल।
टीचर, अगर आपने हमारी मदद की, आप भी तो फँस जाएँगे।",-मैं फँस चूका हूँ। -पर ____ तो कुछ किया ही नहीं।,-मैं फँस चूका हूँ। -पर आपने तो कुछ किया ही नहीं।,आपने,AAP
IndicDialogue,Jaane Jaan,1958289341,1856,"मुझे लगा, ज़िन्दगी वहीं ख़तम हो गई।
और तभी, आपने दरवाज़ा खटखटाया।
-पता नहीं मैं आपका कैसे शुक्रिया… -शुक्रिया आपका, मिसेज़ डिसूज़ा।
मुझे अपने
पहले प्यार तक वापस ले जाने के लिए।",-मैं ____ रोज़ मिलने… -नहीं।,-मैं आपसे रोज़ मिलने… -नहीं।,आपसे,AAP
IndicDialogue,The Great Indian Family,1958355201,381,"वैसे बीएससी क्रॉस कर चुके हैं वो लगते थोड़े युवा हैं।
आप अकेले ही स्क्वाड बनके घूम रहे हैं?
नहीं, नहीं दो कर्मचारी रखे हैं हमने।
पर प्रमुख भूमिका हमारी है।
वाह!","समझ नहीं पा रही हूं कि, ____ शुक्रिया कैसे अदा करूं?","समझ नहीं पा रही हूं कि, आपका शुक्रिया कैसे अदा करूं?",आपका,AAP
IndicDialogue,Hit the First Case,1957795759,192,"पर अगर किसी को बताऊँगा ना…
वो सिर्फ तुम ही हो।
ठीक है।
जब तुम्हें ठीक लगे।
मैं तुम्हें फोर्स नहीं कर रही हूँ।","जब ____ ठीक लगे, बता देना।","जब तुम्हें ठीक लगे, बता देना।",तुम्हें,TUM
IndicDialogue,Tu Jhoothi Main Makkaar,1958103212,2627,"बेबीकेयर
{\an8}कार्तिक और नुसरत को प्यार
{\an8}♪  मैं पूरे का पूरा हूँ मैं अब नहीं  ♪
{\an8}♪  कि उसमें से आधा है तू  ♪
{\an8}♪  या मुमकिन है मुझमें ही रहने लगा  ♪",{\an8}♪  मुझसे भी ज़्यादा है ____  ♪,{\an8}♪  मुझसे भी ज़्यादा है तू  ♪,तू,T
IndicDialogue,Indoo Ki Jawani,1957132233,1977,"मार?
पर मैंने भी अच्छी दो चार लगाई इसको।
नहीं, मेरा यह मतलब नहीं था।
तुमने उसे कड़ी टक्कर दी।
वैसे एक बताओ, क्या तुम्हें पता था कि आज कुछ गलत होगा,",या क्या ____ आमतौर पर चाकू और लाल मिर्च पाउडर हमेशा रखती हो?,या क्या तुम आमतौर पर चाकू और लाल मिर्च पाउडर हमेशा रखती हो?,तुम,TUM
IndicDialogue,Axone,1956818787,458,"तूने तो बोला था... तेरी तो गर्लफ्रेंड है?
और ऊपर से तुझे पूर्वोत्तर की गर्लफ्रेंड चाहिए?
अबे ऐसे ही नाम की गर्लफ्रेंड है यार!
गैस मिल गया!
गैस मिल गया!",____ पता है समय क्या हुआ है? एक बज गए एक!,तुझे पता है समय क्या हुआ है? एक बज गए एक!,तुझे,T
IndicDialogue,Lust Stories 2,1958186552,659,"- और बिल्डिंग में हर किसी ने सुना... -  ये क्या कह रही है तू?
बेब, मुझे खुद नहीं समझ आया कि मुझे क्या कहना चाहिए।
क्योंकि मैंने तो तुझसे बात भी नहीं की है।
तूने मुझसे बात ही करनी बंद कर दी है।
और मुझे लगता है... मेरा मतलब, तूने उसे निकाला भी है?"," सामी, ____ पागल हो गई है?"," सामी, तू पागल हो गई है?",तू,T
IndicDialogue,Indoo Ki Jawani,1957132233,1682,"इसे भी अंग्रेज़ी आती है।
तुझे क्या लगा तू अंग्रेज़ी में बोलेगा तो इसे नहीं समझेगा।
तू चाहे जो भी कर ले, मैं तेरे मंसूबों को कामयाब होने नहीं दूँगी।
मंसूबे?
मेरे क्या मंसूबे हैं?",दोस्ती का नाटक करके ____ इंडिया में अपना झंडा गाड़ना चाहता है।,दोस्ती का नाटक करके तू इंडिया में अपना झंडा गाड़ना चाहता है।,तू,T
IndicDialogue,The Great Indian Family,1958355201,415,"हम करेंगे...
हेलो जी आंटी।
बस पहुँच गयी हूँ आंटी। प्रॉब्लम नहीं आंटी।
बंदर आ गए रास्ते में, तो उन्हें सलटाने में टाइम लग गया। जी।
दीदी आपका काम ख़राब नहीं होना चाहिए,",अब्दुल जो कर सकता था सब हम करेंगे। ____ बस आदेश दीजिए।,अब्दुल जो कर सकता था सब हम करेंगे। आप बस आदेश दीजिए।,आप,AAP
IndicDialogue,The White Tiger,1957077990,535,"‏हे भगवान। देखिए, मैं यहीं बैठी हूँ। ‏आप मुझसे बात कीजिए।
‏मैं कायरोप्रैक्टिक डॉक्टर हूँ, ‏एनवाईयू से डीपीटी मिला है।
‏कागज़ के टुकड़े बेडरूम की दीवारों पर ‏अच्छे लगते हैं, जहाँ इसकी जगह है।
‏अच्छा, एक बात कहूँ? नहीं। एक बात कहूँ?
‏मैं और अशोक दिल्ली जाकर ‏आपकी टैक्स घपले वाली समस्या सुलझाएँगे,",‏और ____ पोस्टकार्ड भेजेंगे। कैसा रहेगा?,‏और आपको पोस्टकार्ड भेजेंगे। कैसा रहेगा?,आपको,AAP
IndicDialogue,Madam Chief Minister,1957179704,586,"लेकिन उससे पहले बहुत ज़रूरी बात,
हमें अपनी पार्टी से एक उम्मीदवार का चयन करना है
जो मुख्यमंत्री का पद संभाल सके।
इसमें मैं आप सब लोगों की सलाह चाहूँगा।
आप लोग बताइए,",किस उम्मीदवार को ____ लोग देखते हैं मुख्यमंत्री के रूप में?,किस उम्मीदवार को आप लोग देखते हैं मुख्यमंत्री के रूप में?,आप,AAP
IndicDialogue,The White Tiger,1957077990,229,"‏-कसम खाते हैं। ‏-क्या दाँत फाड़ रहा है?
‏मारो चिकोटी और खाओ कसम!
‏चिकोटी खा रहे हैं! दादी, आप सोचिए…
‏आप गाँव की सबसे अमीर औरत बन सकती हैं।
‏यह छड़ी है न, यह सोने की छड़ी होगी। ‏जब ऐसे आप घुमाइएगा,",‏तो गाँव में सब लोग ____ देखा करेंगे।,‏तो गाँव में सब लोग आपको देखा करेंगे।,आपको,AAP
IndicDialogue,Indoo Ki Jawani,1957132233,1465,"हमारे पास भी अफरीदी, वसीम अकरम, इमरान खान है।
और तुम्हारे फ़िल्मों की बड़ी हीरोइनें हमारे खिलाड़ियों पे मरती हैं।
इसका ये मतलब नहीं कि तुम्हारे खिलाडी हम से ज्यादा अच्छे हैं।
वर्ल्ड कप के सारे मैच हार चुके हो हम से।
हम्म?",भारत ____ लोगों से कई गुना अच्छा है।,भारत तुम लोगों से कई गुना अच्छा है।,तुम,TUM
IndicDialogue,Jaadugar,1957742927,1870,"संपूर्ण नीमच का ही स्वागत है।
अरे उसे देख, उसे।
दोषी जी पिछले साल फ़ाइनल मैच के दौरान, नीमच के 11 घरों में डकैतियाँ हुई थीं।
क्या लगता है आपको, इस साल वो रेकॉर्ड टूटेगा?
जी मैं वो तो नहीं बता सकता।","पर ये ज़रूर कह सकता हूँ कि आज चोरी की रिपोर्ट दिखाने के लिए ____ थाने नहीं,","पर ये ज़रूर कह सकता हूँ कि आज चोरी की रिपोर्ट दिखाने के लिए आपको थाने नहीं,",आपको,AAP
IndicDialogue,Tu Jhoothi Main Makkaar,1958103212,2286,"तू पास्ट टेंस में बात कर रहा है।
मैं भूल गई थी...
प्यार कुर्बान हो चुका है।
नहीं।
तीस साल का प्यार है मेरा।",____ मेरा सातवाँ प्यार है।,तू मेरा सातवाँ प्यार है।,तू,T
IndicDialogue,Jaadugar,1957742927,581,"मैं दोबारा नहीं करूँगा। दोबारा आऊँगा ही नहीं मैं यहाँ।
आज के बाद, अगर तू, तेरा कोई दोस्त, तेरा कोई परिवार वाला
मेरे, मेरे घर, मेरे मोहल्ले के आसपास भी दिखा ना,
तो थ्योरी नहीं सीधा प्रैक्टिकल करूँगी।
चौकन्ना होके सुन लिया मैम।",अब मैं ____ जाने दूँगी।,अब मैं तुझे जाने दूँगी।,तुझे,T
IndicDialogue,Lust Stories 2,1958186552,783,"आऊँ क्या?
चाबी...
♪ जब कोई बात बिगड़ जाए ♪
♪ जब कोई मुश्किल पड़ जाए ♪
♪ तुम देना साथ मेरा, ओ हमनवा ♪",- ♪ जब कोई बात बिगड़ जाए ♪ - बाकी... ____ पहुँचने के बाद।,- ♪ जब कोई बात बिगड़ जाए ♪ - बाकी... तुम्हारे पहुँचने के बाद।,तुम्हारे,TUM
IndicDialogue,Indoo Ki Jawani,1957132233,1521,"-पिक्चर नहीं देखी? -ये लो।
हर बात में फ़िल्मी जवाब तैयार है इनके पास।
फ़िल्मी संवाद सुनाओ और कमियाँ छिपाओ बस।
तो तुम्हारा देश कौन सा श्रेष्ठ है।
भारत तो पाकिस्तान से कई गुना अच्छा है।","ओह हैलो, ____ बोलने से भारत पाकिस्तान से बेहतर नहीं हो जाएगा।","ओह हैलो, तुम्हारे बोलने से भारत पाकिस्तान से बेहतर नहीं हो जाएगा।",तुम्हारे,TUM
IndicDialogue,Shehzada,1958077493,913,"बुलाओ। मैं सच बताना चाहती हूँ कि तुम उनके बेटे हो।
रणदीप को बुलाओ। रणदीप को बुलाओ। मुझे उन्हें बताना है।
-बुलाओ उनको। बुलाओ उनको! -वो अंदर हैं--
ये पेशेंट यहाँ क्यों है?
-सिस्टर। -यस, डॉक्टर।",क्या कर रही हो ____?,क्या कर रही हो तुम?,तुम,TUM
IndicDialogue,Tu Jhoothi Main Makkaar,1958103212,1909,"चप्पल खो देती है वो।
प्लेट में रोटी खो दी थी उसने, वो माँ बन रही है!
और मैं जो ढूंढ नहीं पाया, बाप बन रहा हूँ।
भगवान बचाए उसको जो पेट में है, हमसे उम्मीद ना रखे।
और ये सब तेरे निकम्मेपन की वजह से हो रहा।",अगर ____ मेरा ब्रेकअप कराने में कामयाब हो जाता तो मैं आज बाप ना बन रहा होता।,अगर तू मेरा ब्रेकअप कराने में कामयाब हो जाता तो मैं आज बाप ना बन रहा होता।,तू,T
IndicDialogue,Darlings,1957768015,478,"‎ सही है। मैं यहाँ से ‎साफ़-सुथरा हो के, तौबा करके आऊँगा।
‎ फिर अपना चाँद सा बच्चा होएगा।
‎ बच्ची हुई तो मैं नाम रखूँगा, ‎बच्चा हो तो तुम रखना। ठीक है?
‎फिर अपना सपना पूरा करेंगे। ‎मेरे को भी करने का है। अकेले मत कर लेना।
‎-अकेले होगा भी नहीं मुझसे। ‎-तो फिर दो-तीन साल रोक के रखना अपने को।",‎ ____ तलाक क्यों नहीं करवाती?,‎ तुम तलाक क्यों नहीं करवाती?,तुम,TUM
IndicDialogue,Jaadugar,1957742927,1855,"और सबकी खुशी भी उसी रास्ते पर है।
बस उसके लिए, हम दोनों को, कुछ जाने देना होगा।
दिशा, मैं तुझे जाने नहीं दे सकता।
आई एम सॉरी दिशा, पर कल अपने प्यार को पाने के लिए मुझे जो करना पड़ेगा मैं करूँगा।
बस यही एक बात।",ये एक बात ____ समझ नहीं पाया।,ये एक बात तू समझ नहीं पाया।,तू,T
IndicDialogue,Guilty,1956804853,429,"‎आपको मेरा करियर मैटर नहीं करता? हैं?
‎मतलब मुझे जवाब नहीं देना है? ‎अपनी... अपनी पार्टी का?
‎-प्लीज़... ‎-अरे, कौन मुझे देगा पार्टी...
‎उसने कुछ नहीं किया है।
‎आपको कैसे पता? हैं?","‎-____ थीं वहां? ‎-अरे, तो मत करो ना कुछ।","‎-आप थीं वहां? ‎-अरे, तो मत करो ना कुछ।",आप,AAP
IndicDialogue,The Great Indian Family,1958355201,90,"- हा..हा..हा.. तुम्हारी यहीं बातें ना.. - चलें... बाँध दे एक-एक किलो सब..?
अरे तीन-तीन किलो.. बिल्लू का प्रोग्राम है आज।
शायद मक्खियों को सिक्स सेंस होता है
और उन्हें पता था कि हमारा क्या प्रोग्राम बनने वाला है।
- जनेऊ। - यज्ञोपवी संस्कार।",____ ब्राह्मण बनने का हैप्पी बर्थडे।,तुम्हारा ब्राह्मण बनने का हैप्पी बर्थडे।,तुम्हारा,TUM
IndicDialogue,Dhamaka,1957450323,770,"‪ जी, मैंने आपको बताया कि मेरे पास ‪इस बात को लेकर कोई आधिकारिक जानकरी नहीं।
‪ देखिए, सरकार के बैठे रहने से ‪अगर लोगों की जान जाती है,
{\an8}‪तो जनता आपको माफ़ नहीं कर पाएगी।
‪मैं प्रवीण कामत हूँ, ‪काउंटर-टैररिज़्म यूनिट से।
‪आप बाहर जाइए। मैं इसे संभालूँगा।","‪- ____ सुन पा रहे हैं? ‪- जी, हम पूरी कोशिश कर रहे हैं।","‪- आप सुन पा रहे हैं? ‪- जी, हम पूरी कोशिश कर रहे हैं।",आप,AAP
IndicDialogue,Tu Jhoothi Main Makkaar,1958103212,1731,"हाँ।
और तू सीरियसली सोच रही है ऐक्सेप्ट करने का?
हाँ।
तुझे नहीं लगता, तुझे मुझसे पूछना चाहिए था?
क्या पूछना चाहिए था?",____ बैंगलोर में जॉब करने की सोच रही है,तू बैंगलोर में जॉब करने की सोच रही है,तू,T
IndicDialogue,Indoo Ki Jawani,1957132233,1526,"ओह हैलो, तुम्हारे बोलने से भारत पाकिस्तान से बेहतर नहीं हो जाएगा।
और तुलना करनी क्यों है?
हर देश की अपनी अच्छाइयाँ और बुराइयाँ होती हैं।
और अगर तुम्हारे हिसाब से पाकिस्तान अच्छा देश नहीं है तो भारत कौन सा दूध का धुला है।
मैडम, यहाँ महिला के खिलाफ जितने",अपराध हो रहे हैं ना उसका तो कोई जवाब नहीं है ____ पास।,अपराध हो रहे हैं ना उसका तो कोई जवाब नहीं है तुम्हारे पास।,तुम्हारे,TUM
IndicDialogue,Guilty,1956804853,1023,"‎-सैनिक फ़ार्म में पहले ही आपका सात... ‎-तो?
‎इससे क्या साबित होता है?
‎ यह हड़पने के स्वभाव को दर्शाता है।
‎विपक्ष ये दलील दे सकता है कि ‎एक लायक, बाहर से आए स्टूडेंट का हक़ मारना
‎आप जैसे विशेष अधिकार वाले ‎स्टूडेंट के लिए कोई बड़ी बात नहीं।",‎यह सिर्फ़ बहस को आगे बढ़ाएगा ‎कि ____ सिस्टम की परवाह नहीं करते।,‎यह सिर्फ़ बहस को आगे बढ़ाएगा ‎कि आप सिस्टम की परवाह नहीं करते।,आप,AAP
IndicDialogue,Dhamaka,1957450323,436,"‪एक सेकंड होल्ड कीजिए।
‪-क्या करें? बॉस? ‪- अर्जुन जी।
‪-सुन रहे हैं न आप? ‪-हाँ।
‪तो आप ये सब पैसों के लिए कर रहे हैं?
‪मैं आपकी आवाज़ को ज़्यादा से ‪ज़्यादा लोगों तक ले जा सकता हूँ।",‪और ____ मेरी तरह कोई और सुनेगा भी नहीं।,‪और आपको मेरी तरह कोई और सुनेगा भी नहीं।,आपको,AAP
IndicDialogue,Dhamaka,1957450323,1105,"‪आप अपना काम ख़ुद से नहीं कर पा रहे हैं।
‪और आप मुझे पर डाल रहे हैं। ‪मुझे ज्ञान दे रहे हैं?
‪मैं समझ सकता हूँ आप पुलिस पर भरोसा नहीं ‪करते, पर दिक्कत ये है कि आप जब लाइव जाएंगे
‪और अगर आपको कुछ हो जाता है,
‪तो इसका मतलब होगा आतंकवादी से हारना।",‪तो ____ उसे कैसे पकडेंगे?,‪तो आप उसे कैसे पकडेंगे?,आप,AAP
IndicDialogue,Indoo Ki Jawani,1957132233,153,"वो भी पता नहीं अपने सहेली के साथ क्या कर रही है इतने देर से।
नहीं, मैं नहीं आ रही तेरे घर।
अरे इंदू क्या हो गया?
बोल रहा हूँ, कल सुबह पक्का मैं तेरे पापा के सामने बैठा मिलूँगा।
भगवान कसम!",और जो ____ कल नहीं आया तो?,और जो तू कल नहीं आया तो?,तू,T
IndicDialogue,Ginny Weds Sunny,1956951114,1128,"‎बकवास बंद कर। बात करनी है तुझसे कुछ।
‎यार उसने एकदम से प्रपोज़ कर दिया।
‎मैं खुद इतनी हैरान थी, यार।
‎तू भी तो यही चाहती थी ना!
‎हाँ पर जब मैं चाहती थी, तब तो नहीं किया उसने।","‎अब क्या चाहती है, ____ गिन्नी? बता।","‎अब क्या चाहती है, तू गिन्नी? बता।",तू,T
IndicDialogue,Axone,1956818787,962,"सुनो।
तुम उसके साथ सही तरीके से पेश आओगी, है ना?
शादी है उसकी।
ज़ोरेम'स कॉर्नर
वह अंदर है?",____ क्यों कर रहे हो ये सब?,तुम क्यों कर रहे हो ये सब?,तुम,TUM
IndicDialogue,Jaane Jaan,1958289341,566,"एक ये वाला भी, प्लीज़।
ठीक है।
आप बैठिए। मैं भिजवाती हूँ।
-जी, धन्यवाद। -हम्म।
मैम, एक और चीज़।",इस आदमी को ____ कहीं देखा है क्या?,इस आदमी को आपने कहीं देखा है क्या?,आपने,AAP
IndicDialogue,Axone,1956818787,17,"अरे मुझे चर्च जाना था यार।
क्लब
अच्छा तू ठीक है ना?
पता नहीं। ये सब बहुत अजीब है।
चिंता मत कर। नहीं हम",- ____ बस इंटरव्यू पर ध्यान देना। -  हाँ।,- तू बस इंटरव्यू पर ध्यान देना। -  हाँ।,तू,T
IndicDialogue,Axone,1956818787,441,"अरे यार तू एक हाथ से सिलेन्डर पकड़। एक हाथ से मुझे पकड़।
नहीं, मैं गिर जाऊँगी।
- अरे यार! - शिव, नहीं समझ में आता तुझे?
-  धीरे! धीरे चल न! - अरे कितना बोलती है तू? चुपचाप बैठ पीछे।
हॉर्न क्यों बजा रहा है इतना? अरे धीरे!",यार ____ मेरी बंदी होती ना तो अपने सिर पर सिलेन्डर ही फोड़ देता।,यार तू मेरी बंदी होती ना तो अपने सिर पर सिलेन्डर ही फोड़ देता।,तू,T
IndicDialogue,Tu Jhoothi Main Makkaar,1958103212,2332,"टिन्नी जा रही है आज?
हाँ।
क्यों जा रही है?
उसे जाना है, वो जा रही है।
तुझे छोड़ के क्यों जा रही है?",____ क्यों जाने दे रहा है?,तू क्यों जाने दे रहा है?,तू,T
IndicDialogue,Indoo Ki Jawani,1957132233,164,"मुझे शादी का लोलीपॉप देके सिर्फ अपना मतलब पूरा करना है तुझे।
देखो इंदू, तेरे पास कोई ख़ास खजाना नहीं है।
सभी के पास वही होता है।
तो मेरी ईमानदारी को हल्के में लेना बंद कर दे।
मैं ख़ास नहीं हूँ तो मेरे पीछे क्यों पड़ा है?","जा, जाकर कहीं और मुँह मार ले। भाड़ में जा ____!","जा, जाकर कहीं और मुँह मार ले। भाड़ में जा तू!",तू,T
IndicDialogue,Guilty,1956804853,996,"‎-तुम वीजे को जेल भेजना चाहते हो ना? ‎-क्या?
‎क्या तुमने इस वक़्त मुझे यहां बुलाया...
‎क्या तुम मेरे साथ सोने की कोशिश कर रहे हो?
‎-क्या बकवास है, क्या बोल रही हो तुम? ‎-क्या तुमने इसलिए मुझे यहां लाया?
‎-क्या? ‎-तुम वीजे को जेल भेजना चाहते हो क्योंकि...",‎और मैं इतने दिन से ____ बात कर रही थी।,‎और मैं इतने दिन से तुमसे बात कर रही थी।,तुमसे,TUM
IndicDialogue,Lust Stories 2,1958186552,458,"क्या दीदी? कितनी बार याद दिलाना पड़ेगा आपको, हाँ?
मेरा कल लेट हो गया था, दीदी, काम पे।
अरे तो लेट हो गया तो परसों भी लेट हो गया था।
फव्वारे जैसे फुर्र-फुर्र कर रहा है।
कल बर्तन करते-करते पूरा नहा ली मैं।","- अच्छा, वॉचमैन ने बोला था... - दीदी, कल ____...","- अच्छा, वॉचमैन ने बोला था... - दीदी, कल आपने...",आपने,AAP
IndicDialogue,Good Newwz,1956816836,211,"मुझे लगा उसे सिर्फ़ मैं ही पढ़ती हूँ।
जब आपका कॉलम पढ़ता हूँ, भगवान को शुक्रिया कहता हूँ कि मैं अनपढ़ नहीं।
क्या एक सेल्फ़ी ले सकता हूँ?
अह! ज़रूर।
माफ़ करें।",____ फ़ोटो में आ रहे हैं। शुक्रिया।,आप फ़ोटो में आ रहे हैं। शुक्रिया।,आप,AAP
IndicDialogue,Tu Jhoothi Main Makkaar,1958103212,663,"वापस आ तुरंत!
मनु, तू कैसी बात कर रहा है?
बचपन से जानता है तू मुझे।
मुझे तो सॉस भी हॉट एंड स्वीट पसंद है।
फ़ेवरेट फ़्लेवर है मेरा।",____ सीरियसली लगता है कि मैं इसे छोड़कर...,तुझे सीरियसली लगता है कि मैं इसे छोड़कर...,तुझे,T
IndicDialogue,Tu Jhoothi Main Makkaar,1958103212,1742,"मुझे ओके है या नहीं?
बैंगलोर में जॉब लेने के लिए बैंगलोर जाना पड़ेगा न।
उसके लिए बैंगलोर में रहना पड़ेगा।
और हम अभी दिल्ली में रहते हैं।
तो अगर तू बैंगलोर में जॉब लेगी",तो ____ बैंगलोर रहेगी और मैं दिल्ल्ली।,तो तू बैंगलोर रहेगी और मैं दिल्ल्ली।,तू,T
IndicDialogue,Good Newwz,1956816836,183,"तुम्हें अक्ल होनी चाहिए यार।
फ़्लाइट पकड़नी है। मम्मी फ़ोन करके पागल हो रही है। संदेश पर संदेश भेज रही है।
आज ही का दिन मिला था तुम्हें?
ओह! मुझे माफ़ कर दो।
मैं अपने अंडाशय को समझा देती हूँ कि पारिवारिक समारोह के दिन, काम ना करे।",जब मर्ज़ी तब करे। पर ____ मुझसे क्यों मेहनत करवाने लगती हो?,जब मर्ज़ी तब करे। पर तुम मुझसे क्यों मेहनत करवाने लगती हो?,तुम,TUM
IndicDialogue,Shehzada,1958077493,1562,"वैसे, शादी के बाद कहाँ रहने का प्लान है?
अपना देश या विदेश?
वुहान छोड़ के कहीं भी!
-सर… - तुम क्या करना चाह रहे हो?
तुम चाहते हो मैं शादी करके चली जाऊँ?",हाँ? ये चाहते हो ____?,हाँ? ये चाहते हो तुम?,तुम,TUM
IndicDialogue,Haseen Dillruba,1957295757,1713,"‎मेंढक?
‎ये मेंढक तो आपका ‎बहुत बड़ा फ़ैन है, रानी जी।
‎और आपका फ़ैन बेस अब मैं बढ़ाता हूँ।
‎तो मैंने ना प्यार में ना ‎आपके कुछ वीडियोज़ लिए थे, आपको तो याद है?
‎अब उनको मैं अपने ग्रुप में डालूँगा। ‎शेयर करूँगा।",‎ ____ फ़ैन बढ़ जाएंगे।,‎ आपके फ़ैन बढ़ जाएंगे।,आपके,AAP
IndicDialogue,Shehzada,1958077493,472,"अगर मैं आपकी फीस डबल कर दूँ?
हमारी फर्म ऐसे क्लाइंट्स को डिफेंड नहीं करती।
अरे कोई तो प्राइस होगा आपका?
नहीं है।
और प्लीज़ मुझे नाराज़ मत कीजिए।","वर्ना, मैं ____ भाई के खिलाफ़ केस लड़ूँगी।","वर्ना, मैं आपके भाई के खिलाफ़ केस लड़ूँगी।",आपके,AAP
IndicDialogue,Hit the First Case,1957795759,281,"{\an8}निजी कारण हैं, सर।
मुझे तो याद भी नहीं आ रहा है कि पिछली बार तुमने छुट्टी कब माँगी थी।
तुम ब्रेक डिज़र्व करते हो।
थैंक यू, सर।
और मैं तुम्हें इसलिए जाने दे रहा हूँ,",क्योंकि तुमने इसमें लिखा है कि ____ फ़ोन पर अवेलेबल रहोगे।,क्योंकि तुमने इसमें लिखा है कि तुम फ़ोन पर अवेलेबल रहोगे।,तुम,TUM
IndicDialogue,Madam Chief Minister,1957179704,1067,"-आ गई। -शर्मा जी बोलिए।
यह ठीक नहीं है मैडम।
यह गुंडागर्दी नहीं चलेगी।
-बिलकुल नहीं चलेगी! -नहीं चलेगी!
तुम लोगों को इस तरह यहाँ लाने के लिए माफ़ी चाहती हूँ।",और अगर मेरे लोगों ने ____ साथ कोई बदतमीजी की हो तो मुझे खेद है।,और अगर मेरे लोगों ने तुम्हारे साथ कोई बदतमीजी की हो तो मुझे खेद है।,तुम्हारे,TUM
IndicDialogue,Indoo Ki Jawani,1957132233,1528,"हर देश की अपनी अच्छाइयाँ और बुराइयाँ होती हैं।
और अगर तुम्हारे हिसाब से पाकिस्तान अच्छा देश नहीं है तो भारत कौन सा दूध का धुला है।
मैडम, यहाँ महिला के खिलाफ जितने
अपराध हो रहे हैं ना उसका तो कोई जवाब नहीं है तुम्हारे पास।
धार्मिक युद्ध!",सहिष्णुता के नाम पर तो धोखेबाज़ हो ____ लोग।,सहिष्णुता के नाम पर तो धोखेबाज़ हो तुम लोग।,तुम,TUM
IndicDialogue,Jaadugar,1957742927,942,"तूने बोला था ना?
""जगह बता, टाइम बता। पापा से आके मैं बात करूँगा।""
जगह घर, टाइम अभी।
आ जा।
दिशा 12 बज रहे हैं।",____ पता है ना मेरा रजिस्ट्रेशन है आज यहाँ।,तुझे पता है ना मेरा रजिस्ट्रेशन है आज यहाँ।,तुझे,T
IndicDialogue,Darlings,1957768015,1148,"‎शायद टीवी पे खाना-खज़ाना ‎देख रहे थे, अम्मी। वो भी हेड-फ़ोन्स पे।
‎क्या करेगी पुलिस? पारिवारिक मामला है।
‎मैंने बदरू को मारा। बदरू ने वापस मेरे को ‎मारा। हिसाब बरोबर बोल के छोड़ देगी।
‎लेकिन अगर मैं गलती से भी टपक गया न, ‎तो सोच क्या करेगी पुलिस। हत्या का मामला।
‎ये माँ-बेटी के ज़्यादा जज़्बात में न, ‎पागल, तू जेल जाएगा।","‎क्या है रे ____, मानना पड़ेगा, मतलब।","‎क्या है रे तू, मानना पड़ेगा, मतलब।",तू,T
IndicDialogue,Good Newwz,1956816836,931,"-♪कुवे ते पाणी परेन्दिये♪ -♪ज़ुम्बा♪
-♪तू मल मल पैर ना दो♪ -♪जुम्बा♪
-♪कुवे ते पाणी परेन्दिये♪ -♪ज़ुम्बा♪
-♪तू मल मल पैर ना दो♪ -♪जुम्बा♪
♪वागी चंबा केहदे गया♪",♪____ बैठी हार परो♪,♪तू बैठी हार परो♪,तू,T
IndicDialogue,Good Newwz,1956816836,1214,"देखो आख़िरी फ़ैसला तुम्हारा है।
मैं किसी भी तरह तुम्हें रोकना नहीं चाहती और खासकर इस केस में तो बिलकुल नहीं।
बहुत संवेदनशील केस है।
लेकिन मैं चाहती हूँ कि एक बार
सबकुछ भूलकर तुम सिर्फ़ इस दिल के बारे में सोचो,",जो ____ अंदर धड़क रहा है।,जो तुम्हारे अंदर धड़क रहा है।,तुम्हारे,TUM
IndicDialogue,Ginny Weds Sunny,1956951114,1059,"‎तू ये बता, खाना कहाँ खाना है?
‎वहाँ एक ढाबा है, वहीं रुकते हैं।
‎अरे आगे रेडिसन भी आ रहा है, वहां खाते हैं ना?
‎जब हमेशा अपनी चलानी होती है, तो पूछते क्यों हो?
‎अरे, तू गुस्सा क्यों कर रही है?",‎____ पता है ना ढाबे का खाना मुझे नहीं समझ आता। ‎पता नहीं कैसे गंदे-गंदे हाथों से बनाते हैं।,‎तुझे पता है ना ढाबे का खाना मुझे नहीं समझ आता। ‎पता नहीं कैसे गंदे-गंदे हाथों से बनाते हैं।,तुझे,T
IndicDialogue,Lust Stories 2,1958186552,1135," मैंने बहुत मिस किया तुम्हें!
नहीं।
 नहीं, हम ये नहीं कर सकते।
तुम प्लीज़ यहाँ से चले जाओ।
 तुम्हारी पत्नी है अब।",जिसकी वजह से मैंने ____ खो दिया।,जिसकी वजह से मैंने तुम्हें खो दिया।,तुम्हें,TUM
IndicDialogue,Dhamaka,1957450323,847,"‪जैसे हमारे देश में आप जैसे लोगों को
{\an8}‪मदद करने के लिए सरकार ने न्याय ‪बनाया है। न्याय मिलता है आप लोगों को।
{\an8}‪ अरे, इन सब चीज़ों में ‪सच में विश्वास रखते हैं?
‪शायद अमीर और ताक़तवर लोगों के लिए सच हो।
‪हमारी तरफ़ तो न्याय का ‪तराजू झुका ही नहीं है।",‪हम कह रहे हैं न ____ हम बहुत सोचे ‪इसके बारे में। और कोई रास्ता ही नहीं था।,‪हम कह रहे हैं न आपसे हम बहुत सोचे ‪इसके बारे में। और कोई रास्ता ही नहीं था।,आपसे,AAP
IndicDialogue,The Great Indian Family,1958355201,848,"पंडित अगर हीरो है तो हम भी कोई विलेन थोड़े ना हैं।
पर कहानी में ना हीरोइन एक ही है- जसमीत,
और जहां तक ​​हमारी गेसिंग है ना, वो पंडित को लाइक करती है।
भट्टा बस.. कान फट जायेंगे हमारे। पंडित ने धोखा किया है हमारे साथ
अबे तुम्हें कुछ पता ही नहीं है। पंडित बेचारा क्या धोखा करेगा तुम्हारे साथ,",लाइफ ने ____ पता है पंडित के साथ कितना बड़ा धोखा किया है।,लाइफ ने तुम्हें पता है पंडित के साथ कितना बड़ा धोखा किया है।,तुम्हें,TUM
IndicDialogue,Good Newwz,1956816836,94,"शुक्राणु की बात नहीं है, वादे की बात है।
तुम्हें क्या लगता है, मेरा मन नहीं करता दोस्तों के साथ घूमने-फिरने का?
पर मुझे पता है कि ज़रूरी क्या है।
थोड़ी सी तो समझदारी दिखाया करो, यार।
तुमने तो बड़ी समझदारी दिखा रखी है।",डॉक्टर ने ____ क्या कहा था कि अपने सोने की आदत का ध्यान रखो।,डॉक्टर ने तुम्हें क्या कहा था कि अपने सोने की आदत का ध्यान रखो।,तुम्हें,TUM
IndicDialogue,The Great Indian Family,1958355201,620,"इसलिए बच्चों को दांपत्य सूत्र में थोड़ा जल्दी बांध दिया जाए
अगर आपको कोई कष्ट न हो तो।
हमें काहे का कष्ट।
कष्ट तो ये केतु देगा
जो सप्तम को देख रहा है गोचर में।",- ____ शायद ध्यान नहीं दिया। - दिया।,- आपने शायद ध्यान नहीं दिया। - दिया।,आपने,AAP
IndicDialogue,Tu Jhoothi Main Makkaar,1958103212,1773,"सुन, मुझे तुझसे बहस नहीं करनी है।
तू बस ये बोल, तू ये ऑफ़र रिजेक्ट कर रही है या नहीं?
नहीं।
तो हम ये क्यों कर रहे हैं?
मतलब?",____ सच में इतनी बेवकूफ़ है क्या?,तू सच में इतनी बेवकूफ़ है क्या?,तू,T
IndicDialogue,Lust Stories 2,1958186552,259,"नहीं, वो... वो बहुत हॉट है। मेरा मतलब बहुत आकर्षक है।
 शायद मैं टैन्स थी।
परफॉर्मेंस प्रेशर ना?
और आपकी ही वजह से, जब मैं बेड पर थी तब भी आप ही मेरे दिमाग में थीं।
हे भगवान!"," ____ पता है, दादी? मैं..."," आपको पता है, दादी? मैं...",आपको,AAP
IndicDialogue,Tu Jhoothi Main Makkaar,1958103212,814,"चुप हो जा। चुप हो जा! चुप! चुप!
-नहीं, सोच के... -चुप हो और तमीज़ से प्रपोज़ कर।
टिन्नी, मैं तुझे बहुत प्यार दूँगा।
मैं तेरा ख़याल रखूँगा।
तुझे कुँए में नहीं कूदने दूँगा।",____ भी तेरी सुरक्षा करूँगा।,तुझसे भी तेरी सुरक्षा करूँगा।,तुझसे,T
IndicDialogue,Axone,1956818787,1450,"उपासना राय
मुझसे शादी करोगी?
करोगी?
मुझसे शादी करोगी!
मुझे तुमसे प्यार है।",मैं ____ बहुत प्यार करता हूँ!,मैं तुमसे बहुत प्यार करता हूँ!,तुमसे,TUM
IndicDialogue,Shehzada,1958077493,2025,"ये भी तो तुझसे ही सीखा है।
कि तारीफ भी गाली जैसी लगनी चाहिए।
जिंदल खानदान का पोता स्कूटर पे घूम रहा है।
अरे, सवा सौ सीसी है। कमाल का माइलेज देती है।
और गेयर का झंझट ही नहीं। और क्या चाहिए?",____ तेरी नई स्कूटर मुबारक!,तुझे तेरी नई स्कूटर मुबारक!,तुझे,T
IndicDialogue,Jaadugar,1957742927,420,"देश-विदेश में हजारों शो करने के बाद,
आख़िर लौट के ये बुद्धू अपने घर आ ही गया!
अब तक आपने मेरी 40 साल की मेहनत देखी।
लेकिन आज का ये आख़िरी एक्ट, जो आप देखने वाले हैं।
वो एक ऐसा जादू है,",जिसे ____ असली जादू भी कह सकते हैं।,जिसे आप असली जादू भी कह सकते हैं।,आप,AAP
IndicDialogue,Shehzada,1958077493,192,"उन्होंने कहा है कुमार को बोलो मैं घर पे नहीं हूँ।
कैसा आदमी है तू!
अपने बेटे से झूठ बुलवाता है!
शर्म कर।
शाम को आऊँगा बाकी के पैसे लेने।",इससे तो अच्छा होता ____ उसे मेरी गोद में बिठा देता।,इससे तो अच्छा होता तू उसे मेरी गोद में बिठा देता।,तू,T
IndicDialogue,Jaadugar,1957742927,838,"दिशा…
दिशा नारंग हो जाएगा शादी के बाद यार।
ये पासपोर्ट वाली सूचना-जानकारी बाद में लूँगा ना।
हनीमून पे वीजा भी तो बनवाना है। तब ले लूँगा।
दिशा तुझसे ज़्यादा ज़रूरी नहीं है मेरी लाइफ में कुछ।",पापा जी से मैं बात करता हूँ। ____ बस टाइम और जगह बता।,पापा जी से मैं बात करता हूँ। तू बस टाइम और जगह बता।,तू,T
IndicDialogue,Darlings,1957768015,1313,"‎ बाढ़ से परेशान ‎एक बिच्छू रोते हुए आया।
‎ बिच्छू ने मेंढक से पूछा, ""ए, मेंढक, ‎मेरे को प्लीज नदी पार करवा दे न,""
‎ मेंढक बोला, ‎""अगर तूने मुझे काट लिया तो?""
‎ बिच्छू बोला,
{\an8}‎कासिम कसाई","{\an8}‎ ""अरे, ____ पागल है क्या? अगर मैं ‎तेरे को काटा, तो हम दोनों डूब जाएँगे।""","{\an8}‎ ""अरे, तू पागल है क्या? अगर मैं ‎तेरे को काटा, तो हम दोनों डूब जाएँगे।""",तू,T
IndicDialogue,Guilty,1956804853,889,"‎""किसका ख्व़ाब है, ख़्याल है?""
‎यहां पर कुछ नहीं है। हम... हम केपी से ‎यहां कोई अच्छी-सी धुन डालवाएंगे।
‎""किसकी ख़राबी में हूँ...""
‎क्या बकवास है?
‎तुमने ऐसा क्यों किया?",‎____ कहां थी उस रात एक बजे तक?,‎तुम कहां थी उस रात एक बजे तक?,तुम,TUM
IndicDialogue,Tu Jhoothi Main Makkaar,1958103212,2004,"मुझे तेरी शादी में आ के सीन क्रीएट करने से
दुनिया की कोई ताकत, कोई सरहद नहीं रोक सकती।
तू बस डेट और वैन्यू बता दे।
डील।
कार्ड भेजूँगी,",____ आ जाना बखेड़ा खड़ा करने।,तू आ जाना बखेड़ा खड़ा करने।,तू,T
IndicDialogue,Dhamaka,1957450323,138,"‪आप फ़ोन रखिए वरना मैं ‪अभी पुलिस को रिपोर्ट करता हूँ।
‪ तो कीजिए न। ‪कौन रोक रहा है आपको।
‪कीजिए। फ़ोन कीजिए, चलिए।
‪हम होल्ड पर रखते हैं।
‪बहुत सोचा इसके बारे में ‪और कोई उपाय नहीं है हमारे पास।",‪____ सुन रहे हैं न हमारी बात को? ‪हम सच में उड़ा देंगे।,‪आप सुन रहे हैं न हमारी बात को? ‪हम सच में उड़ा देंगे।,आप,AAP
IndicDialogue,Indoo Ki Jawani,1957132233,1044,"कोई शक नहीं तुम संगीतकार हो।
सर्वश्रेष्ठ संगीतकार पाकिस्तान से हैं।
जावेद बशीर, रेशमा, आतिफ असलम।
कमाल है।
ऐसी बात नहीं है।",____ देश में भी कमाल के संगीतकार हैं।,तुम्हारे देश में भी कमाल के संगीतकार हैं।,तुम्हारे,TUM
IndicDialogue,Tu Jhoothi Main Makkaar,1958103212,815,"-नहीं, सोच के... -चुप हो और तमीज़ से प्रपोज़ कर।
टिन्नी, मैं तुझे बहुत प्यार दूँगा।
मैं तेरा ख़याल रखूँगा।
तुझे कुँए में नहीं कूदने दूँगा।
तुझसे भी तेरी सुरक्षा करूँगा।",____ हमेशा प्यार करूँगा। और प्यार में चीटिंग नहीं करूँगा।,तुझे हमेशा प्यार करूँगा। और प्यार में चीटिंग नहीं करूँगा।,तुझे,T
IndicDialogue,Hit the First Case,1957795759,1704,"रोहित!
हिलना मत।
चैन की साँस ले।
अब तो सब खत्म हो गया है।
मुझे कई बार लगा, मैं तुझे कन्फेस कर दूँ।",____ कभी सच छुप ही नहीं सकता।,तुझसे कभी सच छुप ही नहीं सकता।,तुझसे,T
IndicDialogue,Guilty,1956804853,1332,"‎ क्या बक रहा है, बे!
‎वह अमेरिकी संविधान में है।
‎-भोसड़ी के! ‎-भाड़ में जा!
‎तू ड्रम्ज़ बजा ना, चूतिए!
‎मैं थक गया हूँ इस वकील के झमेले से, यार!",‎____ क्या फ़र्क पड़ता है? तू म्यूज़िक बजा।,‎तुझे क्या फ़र्क पड़ता है? तू म्यूज़िक बजा।,तुझे,T
IndicDialogue,Jaane Jaan,1958289341,586,"गिना।
अभी की आबादी 95674 है।
नारू!
इतना अच्छा लग रहा है तुझसे मिल के।
तू बिलकुल नहीं बदला, यार!",गणित में ____ कोई नहीं हरा सकता।,गणित में तुझे कोई नहीं हरा सकता।,तुझे,T
IndicDialogue,Dhamaka,1957450323,441,"‪और आपको मेरी तरह कोई और सुनेगा भी नहीं।
‪ अरे, वो सब तो ठीक है, ‪लेकिन पैसे हमको चाहिए।
‪पैसे आपको मिल जाएंगे।
‪बस शो कर दीजिए क्योंकि शो शुरू करना है।
‪दूसरे चैनल आपकी बातें ‪तोड़-मरोड़ के पेश करेंगे।","‪उनको ____ मतलब नहीं है, ‪उनको अपने चैनल से मतलब है।","‪उनको आपसे मतलब नहीं है, ‪उनको अपने चैनल से मतलब है।",आपसे,AAP
IndicDialogue,Ginny Weds Sunny,1956951114,796,"‎काफ़ी पेचीदा  मामला है।
‎यही यो सबसे बड़ी मुश्किल है हमारे रिश्ते की।
‎वो भी उलझन में है, मैं भी उलझन में हूँ।
‎वैसे अभी क्या स्टेटस है तुम लोगों का?
‎हम... बस अच्छे दोस्त हैं।",‎मतलब अभी ____ सिंगल हो?,‎मतलब अभी तुम सिंगल हो?,तुम,TUM
IndicDialogue,Indoo Ki Jawani,1957132233,1505,"मुझे नहीं, किसी को भी लगेगा।
तुम लोग साले काम ही ऐसा करते हो।
होटल में जाके ऐसे ही लोगों को मारने लगते हो।
रेस्टौरेंट, रेलवे स्टेशन, अस्पताल। कोई जगह छोड़ी है तुम लोगों ने?
तो क्यों ना लूँ तुम लोग पे शक?","ये ""____"" लोग क्या होता है?","ये ""तुम"" लोग क्या होता है?",तुम,TUM
IndicDialogue,Lust Stories 2,1958186552,1134,"फिर से।
 मैंने बहुत मिस किया तुम्हें!
नहीं।
 नहीं, हम ये नहीं कर सकते।
तुम प्लीज़ यहाँ से चले जाओ।", ____ पत्नी है अब।, तुम्हारी पत्नी है अब।,तुम्हारी,TUM
IndicDialogue,Lust Stories 2,1958186552,566,"आवाज़ कम करने को कहो उसे!
घर-वर सब साफ रखने के लिए चाबी दी।
- आवाज़ नीचे कर! - क्या चीज़ किधर पड़ी है
कुछ मालूम भी है तेरे को?
तेरी चड्डी तक तो मैं धोती हूँ।","सीमा, क्या बोल रही है ____?","सीमा, क्या बोल रही है तू?",तू,T
IndicDialogue,Ginny Weds Sunny,1956951114,1727,"‎लेकिन कम से कम तू तय तो कर ले।
‎हम्म।
‎ठीक है।
‎अच्छा चल,
‎अब तू मुझसे माफ़ी माँग।",‎मैं ठीक थी और ____ गलत।,‎मैं ठीक थी और तू गलत।,तू,T
IndicDialogue,Tu Jhoothi Main Makkaar,1958103212,489,"♪  मैंने पी रक्खी है  ♪
♪  मैंने पी रक्खी है  ♪
♪  जिस बार में पैरों के तेरी धूल पड़ी ना  ♪
♪  दारू वहाँ के पियक्कड़ों को चढ़ी ना  ♪
♪  वैसे तो मयखानों का मैं भी हूँ फ़रिश्ता  ♪","♪  तो हाउ कम, मेरी नज़र कभी ____ लड़ी ना?  ♪","♪  तो हाउ कम, मेरी नज़र कभी तुझसे लड़ी ना?  ♪",तुझसे,T
IndicDialogue,Axone,1956818787,689,"और मिनम तुम्हें हम से अलग समझती है।
जानती हो हम जब पहली बार डेट कर रहे थे उसने क्या कहा?
उसने कहा, ""तुम नेपाली लड़की को क्यों डेट कर रहे हो?
तुम्हें बालोमनी लड़की से डेट करनी चाहिए ना!""
जैसे वह बताएगी, मैं किसको डेट करूँ?",देखो ____ समस्या यह है कि तुम बहुत भोली हो!,देखो तुम्हारी समस्या यह है कि तुम बहुत भोली हो!,तुम्हारी,TUM
IndicDialogue,Good Newwz,1956816836,1074,"बिज़नेस ख़राब हो रहा था आपका उससे बचाया। हमारी फ़सलों को बचाया।
आपको निमोनिया हुआ था जब, उससे बचाया।
मम्मी जी के घुटने का ऑपरेशन बिलकुल अच्छे से करवाया, किसने?
जय माता दी!
जब इतने चमत्कार किए हम पर माता रानी ने,",तो तब तो नहीं शक किया ____ उन पर?,तो तब तो नहीं शक किया आपने उन पर?,आपने,AAP
IndicDialogue,Shehzada,1958077493,1481,"कौन हो तुम?
बंटू। मैं यहाँ काम करता हूँ।
क्या काम करते हो?
वही, बंटू का फॉर…
फ्री वाईफाई पे नेटफलिक्स और चिल।",लेकिन ____ हो कौन उनकी सिक्योरिटी का फैसला लेने वाले?,लेकिन तुम हो कौन उनकी सिक्योरिटी का फैसला लेने वाले?,तुम,TUM
IndicDialogue,Good Newwz,1956816836,1061,"अरे! इतने सालों से तो नहीं हुई माता रानी की कृपा।
अब क्या मेरे अंदर बच्चों का देवता समा गया एकदम से?
आप बैठो इधर।
बैठो।
बैठो भी।",मुझे एक बात बताओ ____?,मुझे एक बात बताओ आप?,आप,AAP
IndicDialogue,Jaadugar,1957742927,766,"स्पेशल इसलिए क्योंकि ये मैजिक, मुझे नहीं,
मेरी आज की खूबसूरत दर्शक को करना है।
दिशा जब मैं तुझसे पहली बार मिला था ना, तब मुँह से बोला था।
पर आज, दिल से बोल रहा हूँ।
आई लव यू।",और ऐसा नहीं है कि ____ मेरा पहला प्यार है।,और ऐसा नहीं है कि तू मेरा पहला प्यार है।,तू,T
IndicDialogue,Ginny Weds Sunny,1956951114,463,"‎तेरे बस का है नहीं ये सब!
‎मैं कल शोभा मैडम को मिलता हूं।
‎मिलना क्या है, पापा? फ़ोन लगाओ और झाड़ो उनको।
‎-है न? ‎-हाँ, पकड़ो।
‎-नहीं, एक सेकंड चालू नहीं हुआ। ‎-हो गया चालू बेटा।","‎ओये, क्या कर रहा है ____? क्या हुआ इसे?","‎ओये, क्या कर रहा है तू? क्या हुआ इसे?",तू,T
IndicDialogue,Axone,1956818787,41,"याद हमें हैं ये...
♪ याद हमें हैं ये मुलाकातें ♪
♪ वो प्यारे रातें, वो प्यारे दिन और... ♪
रातें!
बेन्दांग, कहाँ हो तुम? क्या कर रहे हो?",मैं ____ लगातार फोन कर रही हूँ और तुम उठा तक नहीं रहे हो?,मैं तुम्हें लगातार फोन कर रही हूँ और तुम उठा तक नहीं रहे हो?,तुम्हें,TUM
IndicDialogue,Shehzada,1958077493,1750,"और तब से ऐसे ही जी रहे हैं आप लोग।
ना रिश्ता सुधारना चाहते हो, ना अलग होना चाहते हो।
दुख की बात तो ये है, पूरे घर को ये बात पता है,
लेकिन कोई इस बारे में बात ही नहीं करना चाहता।
क्यों? क्योंकि सोसाइटी क्या सोचेगी!","क्या यार, बडी। ____ तो कुछ कह सकते थे ना।","क्या यार, बडी। आप तो कुछ कह सकते थे ना।",आप,AAP
IndicDialogue,The White Tiger,1957077990,1641,"‏यहाँ जीना दूभर हो गया है। ‏इंद्र भगवान रूठकर बैठे हैं।
‏पैसे तो तुम्हें भेजने पड़ेंगे ही। और हाँ,
‏हमने तुम्हारी शादी की व्यवस्था कर दी है।
‏अगर तुम न आए, तो हम लड़की को ‏बस में बिठाकर तुम्हारे यहाँ भेज देंगे।
‏अगर तुमने मना किया,",‏तो हम चिट्ठी लिखकर ‏सब बता देंगे ____ मालिक को।,‏तो हम चिट्ठी लिखकर ‏सब बता देंगे तुम्हारे मालिक को।,तुम्हारे,TUM
IndicDialogue,The Great Indian Family,1958355201,728,"पर उनकी इच्छा थी कि ये आप तक पहुंचा दूं।
जी...लाईए...लाईए...
- जी आज्ञा दें... - जी...जी.. चलिए..
कुछ चाय वाय तो..
कम से कम दस चिठियाँ लिखी होंगी उन्होंने।",____ बस ये चिट्ठी पंडितजी तक पहुँच जरूर दीजिएगा।,आप बस ये चिट्ठी पंडितजी तक पहुँच जरूर दीजिएगा।,आप,AAP
IndicDialogue,Good Newwz,1956816836,972,"मौनी की रिपोर्ट आ गई?
मोनिका बत्रा
-बीवी हैं आपकी? -हाँ जी।
अरे जीजू, पहचाना नहीं?
-हैं? -अरे, मैं ललिता।",अरे शादी में आई थी ना ____?,अरे शादी में आई थी ना आपकी?,आपकी,AAP
IndicDialogue,Axone,1956818787,454,"क्या कर रही है मतलब? तुझे क्या लग रहा है मैं इसे
घुमाने ले जा रहा हूँ सिलेन्डर बीच में रखकर?
शिव मैं तुझे बता रही हूँ, हाँ!
दोबारा तुझे किसी लड़की के साथ देखा ना मैंने
तूने तो बोला था... तेरी तो गर्लफ्रेंड है?",और ऊपर से ____ पूर्वोत्तर की गर्लफ्रेंड चाहिए?,और ऊपर से तुझे पूर्वोत्तर की गर्लफ्रेंड चाहिए?,तुझे,T
IndicDialogue,Haseen Dillruba,1957295757,1328,"‎♪  कि मौसम बदलने लगा  ♪
‎♪  मिला यूँ  ♪
‎♪  जैसे बिछड़ा न तू  ♪
‎♪  मिला यूँ  ♪
‎♪  खिला यूँ  ♪",‎♪  जैसे बिगड़ा न ____  ♪,‎♪  जैसे बिगड़ा न तू  ♪,तू,T
IndicDialogue,Lust Stories 2,1958186552,685,"-  माँ... -  इस पर से हाथ हटा!
हाथ लगाएगा!
हाथ लगाएगा तू?
 तेरी माँ को बताऊँ क्या?
हलकट कहीं का!","-  और ____, चुप रह! - माँ...","-  और तू, चुप रह! - माँ...",तू,T
IndicDialogue,Good Newwz,1956816836,1236,"देखो दीपू मैं मानता हूँ आज तुम बड़ी भावनात्मक हो कोई बात नहीं। तीन-चार दिन
आराम कर लो। ठीक है? उसके बाद गर्भपात करवा लेंगे।
नहीं, वरुण।
एक ज़िंदगी पल रही है मेरे अंदर
दिल धड़क रहा था उसका। मैंने ख़ुद देखा।","____ समझ आ रहा है, जो हम करने जा रहे थे कितना ग़लत है वो?","तुम्हें समझ आ रहा है, जो हम करने जा रहे थे कितना ग़लत है वो?",तुम्हें,TUM
IndicDialogue,Guilty,1956804853,47,"‎-अच्छा, सुन, ब्रो। ‎-
‎संयोजन तेरा है, बोल तेरे हैं।
‎तू ही गा दे ना इस बारी।
‎साले, गांड में दम है तो वीजे के मुँह में बोल के दिखा।
‎ओए-होए, वीजे का ख़बरी, साला! चुप!",‎ ____ इसकी पैंट क्या उतार रहा है?,‎ तू इसकी पैंट क्या उतार रहा है?,तू,T
IndicDialogue,Guilty,1956804853,19,"‎क्या बाक़ी बैंड मेंबर्स?
‎ क्या कर रहे थे वो?
‎क्या करते हैं कॉलेज के बच्चे कॉन्सर्ट पे?
‎सब भंड थे।
‎ ताशी, मुझे उम्मीद है कि ‎आपको एहसास है कि आप सब ओवर 18 थे।",‎कानून की नज़र में ____ सब बच्चे नहीं हैं।,‎कानून की नज़र में आप सब बच्चे नहीं हैं।,आप,AAP
IndicDialogue,Madam Chief Minister,1957179704,352,"क्या हम सभी से संबंध जोड़ लें?
अरे दद्दा, राजनीतिक पार्टी बनाई है या रामलीला की मंडली?
-मेरी राय में तो-- -तेरी राय पूछी है यहाँ किसी ने?
जब पार्टी के सीनियर नेता बात कर रहे हों तो तेरा बीच में बोलना ज़रूरी है?
जा यहाँ से।",क्या कर रही है ____?,क्या कर रही है तू?,तू,T
IndicDialogue,The Great Indian Family,1958355201,824,"पंडित एक साफ चम्मच दे दो यार।
ऊपर-ऊपर की साफ होगी, उठा लेते हैं।
हम तुमको मोमाडियन लगते हैं क्या?
- कौन सा नशा करके आये हो बे? - नहीं हम मज़ाक नहीं कर रहे हैं।
अगर हम तुमसे बोले कि हम मोमडियन हैं।",ओरिजिनल में तो क्या बोलोगे ____?,ओरिजिनल में तो क्या बोलोगे तुम?,तुम,TUM
IndicDialogue,Madam Chief Minister,1957179704,840,"पर जनता की इतनी सेवा करूँगी
कि ढाई सौ साल तक याद करेंगे।
मैडम।
आपसे कोई विधायक मिलने आए हैं।
प्रणाम!",सोचा ____ हमसे नाराज़ हैं।,सोचा आप हमसे नाराज़ हैं।,आप,AAP
IndicDialogue,Tu Jhoothi Main Makkaar,1958103212,1513,"कितने प्यारे लगते हो साथ में, टिहुल।
मुझे तो बहुत जलन हो रही है।
बेबी, मुझे निकलना पड़ेगा, कुछ अर्जेंट काम है।
हाँ!
अच्छा हुआ कि तुम मिल गए आज। वरना बहुत डांट पड़ती इससे।",-____ संभाल लेना। -हाँ।,-तुम संभाल लेना। -हाँ।,तुम,TUM
IndicDialogue,Jaane Jaan,1958289341,1421,"धन्यवाद।
आपकी वजह से मुझे आज,
मोमोज़ और कैरीओके नसीब हुआ।
धन्यवाद आपको भी।
मुझे तो याद भी नहीं, पहले कभी इतना मज़ा आया हो।",पिछले हफ्ते ही तो गईं थी ____?,पिछले हफ्ते ही तो गईं थी आप?,आप,AAP
IndicDialogue,Jaadugar,1957742927,822,"अरे! तेरी कोई अपनी मर्ज़ी नहीं है क्या? जहाँ बोलेंगे शादी कर लेगी?
मीनू, यही मेरी मर्ज़ी है कि मैं उनकी मर्ज़ी से ही शादी करूँगी।
तेरे पापा से मैं बात कर लूँ तो?
मतलब, शादी अरैंज हो या लव,
मेरी दुल्हन और शेरवानी तो सेम ही रहेगी ना?",____ ये सब मज़ाक लग रहा है?,तुझे ये सब मज़ाक लग रहा है?,तुझे,T
IndicDialogue,Indoo Ki Jawani,1957132233,757,"लेकिन ये बैग का करना क्या है?
परजाई जी क्या हाल हैं?
सब ठीक।
क्या भैया! आज का ही दिन मिला था आपको एक्वागार्ड देखने के लिए?
इतने समय से शिकायत की हुई है।",पिछले हफ्ते भी तो ____ फ़ोन किया था। तब क्यों नहीं आए?,पिछले हफ्ते भी तो आपको फ़ोन किया था। तब क्यों नहीं आए?,आपको,AAP
IndicDialogue,Dhamaka,1957450323,1448,"{\an8}‪- ‪-रघुबीर जी, देखिए,
{\an8}‪-पूरा देश आपको देख रहा है। ‪-
{\an8}‪अगर आप जनता से अपील करेंगे, ‪तो आपको माफ़ी ज़रूर मिलेगी।
{\an8}‪आपको सिर्फ़ इन लोगों को ‪यहाँ से छोड़ना होगा। मैं यहीं पर रहूँगी।
{\an8}‪ नहीं, नहीं! ‪मंत्री जी कहाँ हैं, मंत्री जी?","{\an8}‪रघुबीर जी, मैं ____ सामने हाथ जोड़ती हूँ।","{\an8}‪रघुबीर जी, मैं आपके सामने हाथ जोड़ती हूँ।",आपके,AAP
IndicDialogue,Jaadugar,1957742927,390,"-हम सबको तू-- -तुझे नहीं पता ना?
अभी दो मिनट पहले अंदर तू मुझ से शादी करना चाहता था,
और तुझे मेरे बारे में इतना भी नहीं पता मीनू?
तू मुझे जानता भी नहीं है यार।
मैं नहीं जानता? इच्छा, मैं नहीं जानता?",____ अपना बर्थ डे भूल गयी थी! मैं तेरे लिए केक लेके आया था!,तू अपना बर्थ डे भूल गयी थी! मैं तेरे लिए केक लेके आया था!,तू,T
IndicDialogue,The White Tiger,1957077990,1156,"‏अरे, बाद में समझाएँगे। ज़ोर से पढ़ो।
‏ ""कि मैं घबरा गया था ‏और मैंने घायल के प्रति फ़र्ज़ नहीं निभाया
‏और मौके से भाग खड़ा हुआ।
‏कि मैं कार में अकेला था ‏और केवल मैं ही इसका ज़िम्मेदार हूँ।""
‏ तुम्हारे परिवार को बता दिया है।","‏____ दादी, अह… क्या नाम है उनका?","‏तुम्हारी दादी, अह… क्या नाम है उनका?",तुम्हारी,TUM
IndicDialogue,Guilty,1956804853,894,"‎तुम कहां थी उस रात एक बजे तक?
‎-रॉय के यहां। मैंने तुम्हें बताया था। ‎-क्यों?
‎""क्यों"" मतलब? थीसिस वर्क, यार।
‎वैलेंटाइन्स के दिन?
‎इसके पहले हमारी किस बारे में बहस हुई थी, नानकी?",‎मैंने ____ कहा नहीं था ‎कि रॉय तुम्हारा शोषण कर रहा है,‎मैंने तुमसे कहा नहीं था ‎कि रॉय तुम्हारा शोषण कर रहा है,तुमसे,TUM
IndicDialogue,Ginny Weds Sunny,1956951114,356,"‎♪ मैं इंडिया की हूँ मडोना ♪
‎♪ तेरे जैसों को कभी मैं ज़रा भी भाव नहीं देती ♪
‎♪ मेरा दिल क्या तुझको तो ऑटोग्राफ़ नहीं देती ♪
‎♪ ले तेरी हो गई लोल ♪
‎♪ नहीं आऊँगी मैं तेरे साथ ♪",‎♪ ____ मेरे मुँह नहीं लगना ♪,‎♪ तू मेरे मुँह नहीं लगना ♪,तू,T
IndicDialogue,Tu Jhoothi Main Makkaar,1958103212,757,"फ़ायदा तो मैं उठा चुका
अब तो नुकसान की मांग कर रहा हूँ।
सच्चाई देख मेरी।
सोच मत, इससे फ़ेयर डील नहीं मिल सकती तुझे।
सुन, टाइम पास तक ठीक है,",____ अगर ऐसे ही चेप होने वाला है न तो दूर ही रह।,तू अगर ऐसे ही चेप होने वाला है न तो दूर ही रह।,तू,T
IndicDialogue,Axone,1956818787,686,"तुम और मिनम बहुत अच्छे दोस्त नहीं हो।
चांबी और मिनम एकदूजे के बहुत अच्छे दोस्त हैं।
तीन लोग बहुत अच्छे दोस्त नहीं हो सकते।
और मिनम तुम्हें हम से अलग समझती है।
जानती हो हम जब पहली बार डेट कर रहे थे उसने क्या कहा?","उसने कहा, ""____ नेपाली लड़की को क्यों डेट कर रहे हो?","उसने कहा, ""तुम नेपाली लड़की को क्यों डेट कर रहे हो?",तुम,TUM
IndicDialogue,Shehzada,1958077493,1995,"मैंने सही किया ना?
तुम हमेशा सही करती हो।
क्या हुआ, वाल्मीकि?
इतने परेशान क्यों लग रहे हो?
तुम्हें तो खुश होना चाहिए।",____ बेटे ने तुम्हारा नाम रौशन किया है।,तुम्हारे बेटे ने तुम्हारा नाम रौशन किया है।,तुम्हारे,TUM
IndicDialogue,Guilty,1956804853,552,"‎ये दस्तावेज़ साफ़-साफ़ दर्शाते हैं ‎कि विजय को सेंट मार्टिंस में दाखिला
‎उसके नंबरों के आधार पर नहीं मिला था।
‎तुम्हें इसके बारे में कुछ नहीं पता था, है ना?
‎और विरोधी इसी मुद्दे को उठाएंगे।
‎ठीक है, तुम विशेष अधिकारों के बारे में ‎बात करना चाहते हो तो...",‎____ तनु कुमार में विशेषता की कमी ‎और कैसे उसने चालाकी से उसे हासिल किया,‎तुम्हें तनु कुमार में विशेषता की कमी ‎और कैसे उसने चालाकी से उसे हासिल किया,तुम्हें,TUM
IndicDialogue,Good Newwz,1956816836,1788,"आप लोगों की लापरवाही के चक्कर में मेरे बच्चे को कुछ ना हो जाए।
माफ़ करना।
माफ़ करने की कोई बात ही नहीं है, भाईसाहब।
मतलब भाभी जी को सातवाँ महीना चल रहा है
और उनसे नौकरी नहीं छूट रही।","नहीं, इतना पैसा ____ कहाँ लेकर जाओगे भाईसाहब, बताओ मुझे?","नहीं, इतना पैसा आप कहाँ लेकर जाओगे भाईसाहब, बताओ मुझे?",आप,AAP
IndicDialogue,The Great Indian Family,1958355201,38,"आय लव सांप सीढ़ी।
आज मेरा बर्थडे है।
यहाँ नहीं। तुम घर पे आना।
मेरे पापा ने पार्टी रखी है।
वैसे मेरे पापा बिजनेसमैन है।",और ____ पापा क्या करते हैं?,और तुम्हारे पापा क्या करते हैं?,तुम्हारे,TUM
IndicDialogue,Jaane Jaan,1958289341,533,"हम उसके मोबाइल का पता लगाने की कोशिश कर रहे हैं लेकिन नम्बर बदलते रहता है, सर।
कलिम्पोंग ज्यादा बड़ी जगह नहीं है।
कुछ दिन लग सकते हैं।
-पर मिल जाएगा। -जी, सर।
-श्री सुन्दर आपके साथ काम करेंगे। -सर!","ये फोटो मैं ____ देता हूँ,","ये फोटो मैं आपको देता हूँ,",आपको,AAP
IndicDialogue,Guilty,1956804853,995,"‎तुम्हारी हिम्मत कैसे हुई मुझसे इस तरह बात करने की?
‎-तुम वीजे को जेल भेजना चाहते हो ना? ‎-क्या?
‎क्या तुमने इस वक़्त मुझे यहां बुलाया...
‎क्या तुम मेरे साथ सोने की कोशिश कर रहे हो?
‎-क्या बकवास है, क्या बोल रही हो तुम? ‎-क्या तुमने इसलिए मुझे यहां लाया?",‎-क्या? ‎-____ वीजे को जेल भेजना चाहते हो क्योंकि...,‎-क्या? ‎-तुम वीजे को जेल भेजना चाहते हो क्योंकि...,तुम,TUM
IndicDialogue,Guilty,1956804853,583,"‎-चुप। ‎-क्योंकि हम बाथरूम शेयर किए ना तुम्हारा।
‎बात-बात पर रैगिंग क्योंकि हम धनबाद से हैं। ‎स्कॉलरशिप स्टूडेंट हैं।
‎नीचा दिखाते हैं हमें ये।
‎अपर क्लास, इंग्लिश मीडियम वाले।
‎क्या बकवास है!","‎नानकी, मैं ____ ब्लैकलिस्ट नहीं कर रही हूँ।","‎नानकी, मैं तुम्हें ब्लैकलिस्ट नहीं कर रही हूँ।",तुम्हें,TUM
IndicDialogue,Jaane Jaan,1958289341,1141,"मैंने अभी-अभी आपको देखा, पुलिस थाने के सामने।
अभी-अभी?
बड़ी दूर की नज़र है आपकी।
अभी मतलब, अभी कुछ देर पहले।
आप… शायद गुज़री थी न, पुलिस थाने के सामने से?",____ मेरा पीछा कर रहे हैं?,आप मेरा पीछा कर रहे हैं?,आप,AAP
IndicDialogue,Dhamaka,1957450323,1203,"‪आपका मैदान? माथुर जी ‪आपके मैदान में ही मरे थे ना?
‪आप दूसरी नौकरी ढूंढिए। ‪अभी आपको फ़ोन आने वाला ऊपर से, देखिए।
‪-क्या साइन चाहिए? क्या हुआ? ‪-अर्जुन।
‪अर्जुन, ज़रा सोचो।
‪ अगर रघुबीर ने ‪सारे बंधकों को उड़ा दिया तो?",‪ ____ उसी का इंतज़ार कर रहे हैं न? ‪माफ़ कीजिए।,‪ आप उसी का इंतज़ार कर रहे हैं न? ‪माफ़ कीजिए।,आप,AAP
IndicDialogue,Hit the First Case,1957795759,1768,"आई लव यू, प्रीति।
सॉरी। क्या?
मैं तुम्हें ये बचपन से कहना चाहती थी,
पर पता नहीं क्यों, कह नहीं पाई।
नहीं, नहीं। सुनो।","____ ना बहुत बड़ी ग़लतफ़हमी हुई है, सपना।","तुम्हें ना बहुत बड़ी ग़लतफ़हमी हुई है, सपना।",तुम्हें,TUM
IndicDialogue,Madam Chief Minister,1957179704,1383,"-किसने रोका है आपको? -एक मिनट।
हम लोग यहाँ बहस करने के लिए नहीं आए हैं।
एक प्रस्ताव है आपके लिए।
सीबीआई जाँच में मुख्यमंत्री निश्चित ही जेल जाएगी।
उनके जेल जाने के बाद बाकी सारे विधायकों को अगर आप वापस हमारी तरफ धकेल देते हैं…",तो ____ राज्यसभा की सीट पक्की है।,तो आपकी राज्यसभा की सीट पक्की है।,आपकी,AAP
IndicDialogue,Lust Stories 2,1958186552,569,"कुछ मालूम भी है तेरे को?
तेरी चड्डी तक तो मैं धोती हूँ।
सीमा, क्या बोल रही है तू?
क्या बोल रही है क्या मतलब?
सॉरी। -उसका घर है इसलिए कुछ भी बोलेगी क्या वो?",कोई फ्री में काम नहीं कर रही है ____!,कोई फ्री में काम नहीं कर रही है तू!,तू,T
IndicDialogue,Jaadugar,1957742927,998,"और मैं उसकी शादी ऐसे किसी से भी नहीं करवा सकता।
इकरार
♪ जादू♪
""किसी से?""
गुरु जी, आपका एकलव्य हूँ मैं!",नीमच का बेस्ट जादूगर हूँ… ____ बाद।,नीमच का बेस्ट जादूगर हूँ… आपके बाद।,आपके,AAP
IndicDialogue,Jaane Jaan,1958289341,569,"-जी, धन्यवाद। -हम्म।
मैम, एक और चीज़।
इस आदमी को आपने कहीं देखा है क्या?
यहाँ पर या आस-पास कहीं?
-नहीं। -नहीं?","अगर दिखेगा तो ____ पुलिस थाने फ़ोन करना, प्लीज़।","अगर दिखेगा तो आप पुलिस थाने फ़ोन करना, प्लीज़।",आप,AAP
IndicDialogue,Good Newwz,1956816836,496,"पर डॉक्टर इस प्रक्रिया में मुझे ऑफ़िस से काफ़ी छुट्टियाँ लेनी पड़ेंगी?
अगर आप लोग सच में बच्चा चाहते हैं तो
मैं कहूँगा कि काम को अलग रखकर गर्भ धारण करने पर ध्यान दीजिए।
लेकिन मैं तो काम पर जा सकता हूँ ना?
-क्या? - मैं काम पर जा सकता हूँ ना?",बिलकुल श्रीमान बत्रा ____ काम कर सकते हैं।,बिलकुल श्रीमान बत्रा आप काम कर सकते हैं।,आप,AAP
IndicDialogue,Tu Jhoothi Main Makkaar,1958103212,1776,"तो हम ये क्यों कर रहे हैं?
मतलब?
तू सच में इतनी बेवकूफ़ है क्या?
मुझे ये नहीं चलेगा।
तू अगर बैंगलोर जा रही है","और ____ अपनी जॉब, अपना करीयर इतना प्यारा है","और तुझे अपनी जॉब, अपना करीयर इतना प्यारा है",तुझे,T
IndicDialogue,Ginny Weds Sunny,1956951114,437,"‎ शोना।
‎तू बहुत अच्छा लड़का है, अतीत तेरा साफ़ है
‎और भविष्य तेरा शानदार है ही।
‎और सबसे बड़ी...
‎सबसे बड़ी बात यह है कि",‎गिन्नी ____ नफरत नहीं करती।,‎गिन्नी तुझसे नफरत नहीं करती।,तुझसे,T
IndicDialogue,The White Tiger,1957077990,432,"‏""अधूरा।"" पर उन्होंने ठीक ही कहा था।
‏जब आप भारत आएँगे, सर,
‏आपको मेरे जैसे लाखों लोग मिलेंगे।
‏हमारी भूरी खोपड़ी को खोलकर ‏अंदर झाँककर देखिए।
‏साइबर कैफ़े","‏____ कई सारे विचार मिलेंगे, ‏आधे तैयार, आधे सही,","‏आपको कई सारे विचार मिलेंगे, ‏आधे तैयार, आधे सही,",आपको,AAP
IndicDialogue,Shehzada,1958077493,962,"और ऊपर से मुँह बंद है।
तुझे कुछ बोलना नहीं है? हाँ?
तू मेरा असली बाप नहीं है।
मैं तेरा असली बाप नहीं हूँ!
मैं तेरा असली बाप नहीं हूँ!","अगर मैं तेरा बाप नहीं हूँ, तो ____ पैदा किसने किया?","अगर मैं तेरा बाप नहीं हूँ, तो तुझे पैदा किसने किया?",तुझे,T
IndicDialogue,Jaane Jaan,1958289341,974,"-वो उस दिन कहीं और थी… -""झूँठ बोल रही है वो!""
तुम्हें भी मालूम है।
अजीत मर चुका है, हत्या हुई है।
माया अकेली संदिग्ध है।
-और क्या चाहिए तुम्हें? -सर…",और क्या चाहिए ____?,और क्या चाहिए तुम्हें?,तुम्हें,TUM
IndicDialogue,Dhamaka,1957450323,442,"‪ अरे, वो सब तो ठीक है, ‪लेकिन पैसे हमको चाहिए।
‪पैसे आपको मिल जाएंगे।
‪बस शो कर दीजिए क्योंकि शो शुरू करना है।
‪दूसरे चैनल आपकी बातें ‪तोड़-मरोड़ के पेश करेंगे।
‪उनको आपसे मतलब नहीं है, ‪उनको अपने चैनल से मतलब है।","‪मैं अलग हूँ। मेरे शो में ना, ____ ‪जिससे जैसे बात करनी है, कर सकते हैं।","‪मैं अलग हूँ। मेरे शो में ना, आपको ‪जिससे जैसे बात करनी है, कर सकते हैं।",आपको,AAP
IndicDialogue,The White Tiger,1957077990,638,"‏-चलो, यार। चलो! ‏-भाई, देख तो लेने दे।
‏इसकी वर्दी भी तेरे से अच्छी है।
‏- बैग देखके ही लग रहा है बेकार है। ‏-तो, देहाती चूहे…
‏कितना पैसा दे रहे हैं वे लोग तुझे?
‏ठीक-ठाक दे रहे हैं। हम खुश हैं।","‏हाँ! बड़ा प्यारा, वफ़ादार कुत्ता है न ____?","‏हाँ! बड़ा प्यारा, वफ़ादार कुत्ता है न तू?",तू,T
IndicDialogue,The Great Indian Family,1958355201,796,"- वो करना चाहेगी तो कर लेंगे। - और अंकल होने देंगे।
अबे शादी हमारी है ना।
पंडित हमसे मजाक ना करो। जसमीत को पहले हमने देखा था।
पहले तुम देखे थे मतलब?
मतलब तुमको मालूम था कि हम उसको पसंद करते हैं।",अरे ____ तो हर दो महीने में किसी को पसंद करते हो।,अरे तुम तो हर दो महीने में किसी को पसंद करते हो।,तुम,TUM
IndicDialogue,Lust Stories 2,1958186552,74,"आपको हमारे बेटे पे शक है?
हाँ।
- चीकू, ये क्या है? - मैं...
दादी, हम शादी तो...
इसीलिए तो शक है।",और ____ भी मेरी पोती पे शक होना चाहिए।,और आपको भी मेरी पोती पे शक होना चाहिए।,आपको,AAP
IndicDialogue,Shehzada,1958077493,150,"पच्चीस साल बाद
♪ शहज़ादा ♪
तू यहाँ क्या कर रहा है?
अबे इतना टेंशन मत ले। तू सपना देख रहा है।
अंग्रेज़ी में इसे नाइटमेयर कहते हैं।",सब याद है ____?,सब याद है तुझे?,तुझे,T
IndicDialogue,Lust Stories 2,1958186552,1073," पागल हो गई हो क्या तुम?
अनु हमेशा से तुमसे बहुत प्यार करती थी।
नहीं।
नहीं, शांति! हम तीनों सबसे बेस्ट फ़्रेंड्स थे।
 राहुल अंजली टीना जैसे!",अनु हमेशा से ____ खुद के लिए चाहती थी।,अनु हमेशा से तुम्हें खुद के लिए चाहती थी।,तुम्हें,TUM
IndicDialogue,Guilty,1956804853,600,"‎तनु कुमार वैलेंटाइन्स डे के दिन ‎तुम्हारे बॉयफ़्रेंड के साथ सोई
‎ताकि वह तुमसे बदला ले सके?
‎लेकिन तुम्हारे बॉयफ़्रेंड का क्या?
‎-वह उसके साथ क्यों सोया? ‎-उसने उसे उकसाया।
‎उसके पास और कोई विकल्प नहीं था?",‎-____ जानते हो आदमी कैसे होते हैं। ‎-माफ़ करना?,‎-तुम जानते हो आदमी कैसे होते हैं। ‎-माफ़ करना?,तुम,TUM
IndicDialogue,The White Tiger,1957077990,1164,"‏ उनका नाम क्या है? अह…
‏-कुसुम, सर। ‏-कुसुम जी।
‏मैं लक्षमणगढ़ गया था ‏और उन्हें सब समझा दिया।
‏तुम्हारे भाई से भी मिला। ‏तुम्हारा सारा परिवार वहाँ था।
‏इसके लिए उन्हें तुम पर नाज़ है,",‏और वह ____ कबूलनामे की ‏गवाह बनने को भी तैयार हैं।,‏और वह तुम्हारे कबूलनामे की ‏गवाह बनने को भी तैयार हैं।,तुम्हारे,TUM
IndicDialogue,Indoo Ki Jawani,1957132233,1156,"और मीटिंग खत्म करते हैं।
मुझे देखने दो क्या हुआ।
हाथ कैसे लगाया तूने मुझे आतंकवादी!
आतंकवादी?
क्या मैंने कुछ गलत सुना?",मुझे पता है ____ यहाँ क्यों आया है।,मुझे पता है तू यहाँ क्यों आया है।,तू,T
IndicDialogue,Haseen Dillruba,1957295757,1703,"‎ सबकुछ मर्ज़ी से हुआ था। ‎कोई ज़ोर-जबरदस्ती नहीं थी।
‎सामने खड़ी हैं, पूछ लो।
‎बहुत अच्छे से हुआ।
‎याद भी आती होगी इनको हमारी।
‎हाँ, करती हूँ याद। ‎बहुत बड़ी ग़लती थी तुम मेरी।",‎ऐसे याद करती हूँ ____ मैं!,‎ऐसे याद करती हूँ तुम्हें मैं!,तुम्हें,TUM
IndicDialogue,Tu Jhoothi Main Makkaar,1958103212,984,"म-मम्मी, ये रोहन है।
डबास का बेस्टफ़्रेंड।
मेरे दादाजी, ताऊजी, ताईजी, पापा,
-और मेरा कज़िन अविनाश। -कैसा है, भाई?
- आप भी गए थे स्पेन? -जी, अंकल।","अ... ____ लोग चलो, मैं आती हूँ।","अ... आप लोग चलो, मैं आती हूँ।",आप,AAP
IndicDialogue,The Great Indian Family,1958355201,1478,"और हमें रहना भी इसी फॅमिली के साथ है
और रहा सवाल हमारे खून द्वारा ये साबित करने का,
कि हम विधर्मी हैं, फलां हैं ढिकां हैं
तो ये सारा गेम आपने मालपानी जी की शादी के कॉन्ट्रैक्ट के लिए खेला ना?
आदरणीय मिश्राजी और मित्र टीडी,",ये पूरा कॉन्ट्रैक्ट और इसका सारा मुनाफ़ा ____ लोगों को मुबारक।,ये पूरा कॉन्ट्रैक्ट और इसका सारा मुनाफ़ा आप लोगों को मुबारक।,आप,AAP
IndicDialogue,Hit the First Case,1957795759,654,"दो महीने से बोल रहे हैं इन्वेस्टिगेशन चल रही है।
पहले भी आए थे ऑफिसर्स।
हमने पहले भी कोऑपरेट किया था।
बार-बार ऑफिसर्स बदलते रहते हैं लेकिन रिज़ल्ट कुछ नहीं मिल रहा है।
आपने सोचा है कभी, वो कैसी होगी, कहाँ होगी?",आखिर ____ लोग कर क्या रहे हैं?,आखिर आप लोग कर क्या रहे हैं?,आप,AAP
IndicDialogue,Shehzada,1958077493,1700,"बच्चा बदलू कहीं का!
चल अब बीड़ी का टेस्ट खराब मत कर। निकल।
निकल। निकल। निकल।
अगले दो साल में आपकी ब्यूटी और बढ़ने वाली है।
रहने दे! ये हाथों में लिखा है?",____ जिम जाती हैं?,आप जिम जाती हैं?,आप,AAP
IndicDialogue,Tu Jhoothi Main Makkaar,1958103212,723,"दादी का हाथ पकड़े, सीढ़ियाँ चढ़ाते हुए
तो दो बार नहीं सोचती तू घर पर रिश्ता भेजने से पहले।
तू पागल है क्या?
जो तुझे चाहिए था तुझे मिल चुका,
उसके बाद तू झूठी प्यार की कसमें खा रहा है।","शायद ____ याद नहीं तो याद दिला दूँ,","शायद तुझे याद नहीं तो याद दिला दूँ,",तुझे,T
IndicDialogue,Lust Stories 2,1958186552,934,"हाँ।
- कॉफी है? - हाँ।
केतली वहाँ पर है और कॉफी उसके ऊपर।
और दूध?
तुम कॉफी में दूध कब से लेने लगे?",बस चेक कर रहा हूँ ____ याद है या नहीं।,बस चेक कर रहा हूँ तुम्हें याद है या नहीं।,तुम्हें,TUM
IndicDialogue,Madam Chief Minister,1957179704,1440,"अब बदले में कुछ तो देना पड़ेगा ना।
जब तक मैं वापसा ना आ जाती, आप ही संभालेंगे।
पार्टी को भी, घर को भी और सरकार को भी।
घर संभाल लेंगे लेकिन--
याद है जब लालू जी जेल गए थे तो किसे सीएम बनाया था?",अब ____ मेरा नाम भी बदल देंगी?,अब आप मेरा नाम भी बदल देंगी?,आप,AAP
